artigoEmPeriodico	Andre Luis Silva da Silva	2018	2358-8195	http://dx.doi.org/10.15210/EE.V23I1.12564	PERCEPÇÃO AMBIENTAL DA EDUCAÇÃO BÁSICA DAS ÁGUAS PRÓXIMAS A ATIVIDADES MINERADORAS EM CAÇAPAVA DO SUL/RS	EXPRESSA EXTENSÃO	SCHMIDT, A. M. ; SILVA, A. L. S. ; GOI, M. E. J.		
artigoEmPeriodico	Andre Luis Silva da Silva	2018	2316-4034		PROPOSTA DIDÁTICO-PEDAGÓGICA AO ENSINO DE QUÍMICA À LUZ DE UMA RELAÇÃO PROCESSUAL ENTRE APRENDIZAGEM SIGNIFICATIVA, MAPAS CONCEITUAIS E HISTÓRIA DA CIÊNCIA	DI@LOGUS	VALDEZ, A. ; SILVA, A. L. S.		
artigoEmPeriodico	Andre Luis Silva da Silva	2018	2178-4612	http://dx.doi.org/10.18226/21784612.v23.n2.2	PROGRESSO E NÃO DETERMINISMO CIENTÍFICOS A PARTIR DE CONCEITOS-CHAVE DA EPISTEMOLOGIA DE THOMAS KUHN	CONJECTURA: FILOSOFIA E EDUCAÇÃO (UCS)	FERREIRA, M. ; SILVA, A. L. S. ; VERDEAUX, M. F. S.		
artigoEmPeriodico	Andre Luis Silva da Silva	2018	2358-6036		IDENTIFICAÇÃO DE UM TEMA GERADOR FREIREANO A PARTIR DO APORTE TEÓRICO-METODOLÓGICO DA ANÁLISE TEXTUAL DISCURSIVA (ATD)	REVISTA INTERDISCIPLINAR DE ENSINO, PESQUISA E EXTENSÃO	SILVA, A. L. S.; MACHADO, D. S.		
artigoEmPeriodico	Andre Luis Silva da Silva	2017	1982-2413		ATIVIDADE EXPERIMENTAL PROBLEMATIZADA (AEP) COMO UMA ESTRATÉGIA PEDAGÓGICA PARA O ENSINO DE CIÊNCIAS: APORTES TEÓRICOS, METODOLÓGICOS E EXEMPLIFICAÇÃO	EXPERIÊNCIAS EM ENSINO DE CIÊNCIAS (UFRGS)	SILVA, A. L. S.; MOURA, P. R. G. ; PINO, J. C.		
artigoEmPeriodico	Andre Luis Silva da Silva	2017	2358-6036		ELEMENTOS EM ANÁLISE TEXTUAL DISCURSIVA (ATD) NA IDENTIFICAÇÃO DE UM TEMA GERADOR PARA O ENSINO DE QUÍMICA NA EDUCAÇÃO BÁSICA	REVISTA INTERDISCIPLINAR DE ENSINO, PESQUISA E EXTENSÃO	SILVA, A. L. S.; MACHADO, D. S. ; MOURA, P. R. G. ; PINO, J. C.		
artigoEmPeriodico	Andre Luis Silva da Silva	2017	2316-4034		A PESQUISA COMO UM PRINCÍPIO PEDAGÓGICO DE APRENDIZAGEM, SEGUNDO PERSPECTIVAS EM PESQUISA-AÇÃO DE THIOLLENT	DI@LOGUS	SILVA, A. L. S.; BAIOTTO, C. R. ; COCCO, I. R.		
artigoEmPeriodico	Andre Luis Silva da Silva	2017	2316-4034		CONTINUUM ENTRE APRENDIZAGEM MECÂNICA E APRENDIZAGEM SIGNIFICATIVA NA PERSPECTIVA AUSUBELIANA E SUA RELAÇÃO AO CONTEXTO ESCOLAR	DI@LOGUS	SILVA, A. L. S.; MOURA, P. R. G. ; PINO, J. C.		
artigoEmPeriodico	Andre Luis Silva da Silva	2016	2316-4034		PERSPECTIVAS DE ARTICULAÇÃO ENTRE AS EPISTEMOLOGIAS DE BACHELARD E LAKATOS COMO COMPOSIÇÃO DE UMA FUNDAMENTAÇÃO TEÓRICA PARA ABORDAGENS EM HISTÓRIA DA CIÊNCIA	Revista Di@alogus	SILVA, A. L. S.; MOURA, P. R. G. ; MACHADO, S. F. R.		
artigoEmPeriodico	Andre Luis Silva da Silva	2016	2447-6099		RELAÇÕES ENTRE CONCEPÇÕES TEÓRICAS E APLICAÇÕES METODOLÓGICAS DA PESQUISA NO AMBIENTE ESCOLAR DE PROFESSORES DA EDUCAÇÃO BÁSICA DE ENSINO	Revista Debates em Ensino de Química - REDEQUIM	SILVA, E. R. A. ; SILVA, A. L. S. ; MOURA, P. R. G. ; COCCO, I. R.		
artigoEmPeriodico	Andre Luis Silva da Silva	2016	2358-6036		ARTICULAÇÃO ENTRE ALFABETIZAÇÃO CIENTÍFICA, RESOLUÇÃO DE PROBLEMAS E PESQUISA ORIENTADA E MAPAS CONCEITUAIS COMO RECURSOS DIDÁTICOS QUALIFICADORES AO ENSINO (DE CIÊNCIAS)	REVINT - Revista Interdisciplinar de Ensino, Pesquisa e Extensão	SILVA, A. L. S.; CARVALHO, G. S. ; MOURA, P. R. G.		
trabalhoCompletoEmCongresso	Andre Luis Silva da Silva	2017		UMA PERSPECTIVA DINÂMICA E EVOLUTIVA DA HISTÓRIA DA CIÊNCIA: DA TEORIA DO FLOGÍSTICO AO CALÓRICO DE LAVOISIER	I Encontro Regional de Ensino de Ciências	MACHADO, S. F. R. ; SILVA, A. L. S. ; Moura, P.R.G ; PINO, J. C.		
trabalhoCompletoEmCongresso	Andre Luis Silva da Silva	2016		A UTILIZAÇÃO DE MAPAS CONCEITUAIS COMO ESTRATÉGIA DE AUXÍLIO AOS PROCESSOS DE ENSINO E APRENDIZAGEM	XVIII Encontro Nacional de Ensino de Química - XVIII ENEQ	SILVA, A. L. S.; GOI, M. E. J. ; ELLENSOHN, R. M.		
trabalhoCompletoEmCongresso	Andre Luis Silva da Silva	2016		HISTÓRIA DA CIÊNCIA: PRINCIPAIS CONCEPÇÕES PRÉ-ATOMÍSTICA E ATOMÍSTICA DE MATÉRIA NA GRÉCIA ANTIGA	XVIII Encontro Nacional de Ensino de Química - XVIII ENEQ	SILVA, A. L. S.; MACHADO, S. F. R. ; MOURA, P. R. G. ; PINO, J. C.		
trabalhoCompletoEmCongresso	Andre Luis Silva da Silva	2016		PERSPECTIVAS DE UTILIZAÇÃO DE FUNDAMENTOS CONCEITUAIS E PROCEDIMENTAIS DA TEORIA DA APRENDIZAGEM SIGNIFICATIVA NO CONTEXTO ESCOLAR (DE QUÍMICA)	36° EDEQ - Encontro de Debates Sobre o Ensino de Química	SILVA, A. L. S.; MOURA, P. R. G.		
trabalhoCompletoEmCongresso	Andre Luis Silva da Silva	2016		ANÁLISE TEXTUAL DISCURSIVA COMO FERRAMENTA NA INVESTIGAÇÃO TEMÁTICA	36° EDEQ - Encontro de Debates Sobre o Ensino de Química	SILVA, A. L. S.; MACHADO, D. S. ; HARTMAN, A. M.		
trabalhoCompletoEmCongresso	Andre Luis Silva da Silva	2016		A HISTÓRIA DA QUÍMICA NO CONTEXTO DA SÍNTESE DA AMÔNIA PELO PROCESSO HABER-BOSH	36° EDEQ - Encontro de Debates Sobre o Ensino de Química	SILVA, A. L. S.; MACHADO, S. F. R. ; MACHADO, D. S. ; MOURA, P. R. G. ; PINO, J. C.		
trabalhoCompletoEmCongresso	Andre Luis Silva da Silva	2016		PRODUÇÃO DO BIOQUEROSENE ATRAVÉS DA DESTILAÇÃO DO BIODIESEL OBTIDO PELA TRANSESTERIFICAÇÃO DO ÓLEO COMESTÍVEL USADO PARA O DESENVOLVIMENTO ECONÔMICO SUSTENTÁVEL	XXI SEMINÁRIO INTERINSTITUCIONAL DE ENSINO	SILVA, A. L. S		
trabalhoCompletoEmCongresso	Andre Luis Silva da Silva	2016		RECICLAGEM DAS SACOLAS PLÁSTICAS NA FABRICAÇÃO DA CERA COM ÊNFASE NA ECONOMIA SOLIDÁRIA	XXI SEMINÁRIO INTERINSTITUCIONAL DE ENSINO	SILVA, A. L. S		
trabalhoCompletoEmCongresso	Andre Luis Silva da Silva	2016		EXTRAÇÃO DA ESSÊNCIA DO D-LIMONENO PARA PRODUÇÃO DE TINTA À BASE DE POLIESTIRENO EXPANDIDO PARA O DESENVOLVIMENTO ECONÔMICO SUSTENTÁVEL	XXI SEMINÁRIO INTERINSTITUCIONAL DE ENSINO	SILVA, A. L. S		
trabalhoCompletoEmCongresso	Andre Luis Silva da Silva	2016		RECICLAGEM DO ÓLEO COMESTÍVEL USADO NA FABRICAÇÃO DO SABÃO LÍQUIDO COM ÊNFASE NA ECONOMIA SOLIDÁRIA	XXI SEMINÁRIO INTERINSTITUCIONAL DE ENSINO	SILVA, A. L. S		
resumoExpandidoEmCongresso	Andre Luis Silva da Silva	2017	ATIVIDADE EXPERIMENTAL PROBLEMATIZADA (AEP): REVISÃO TEÓRICA SOB DESCRITORES COM APRESENTAÇÃO QUANTITATIVA DE BANCO DE DADOS	9° SIEPE: Salão Internacional de Ensino, Pesquisa e Extensão, 2017, Santana do Livramento/RS. 9° SIEPE: Salão Internacional de Ensino, Pesquisa e Extensão	PEREIRA, S. M. ; SILVA, A. L. S. ; FERREIRA, M.		
resumoExpandidoEmCongresso	Andre Luis Silva da Silva	2016	ATIVIDADE EXPERIMENTAL PROBLEMATIZADA: POTENCIALIDADES PARA O ENSINO DE CIÊNCIAS	8° Salão Internacional de Ensino, Pesquisa e Extensão (SIEPE), 2016, Uruguaiana. 8° Salão Internacional de Ensino, Pesquisa e Extensão (SIEPE)	SILVA, A. L. S.; SILVA, E. R. A.		
resumoExpandidoEmCongresso	Andre Luis Silva da Silva	2016	PROPOSTA TEÓRICO-METODOLÓGICA PARA O ENSINO EXPERIMENTAL EM CIÊNCIAS: ATIVIDADE EXPERIMENTAL PROBLEMATIZADA (AEP)	8° Salão Internacional de Ensino, Pesquisa e Extensão (SIEPE), 2016, Uruguaiana. 8° Salão Internacional de Ensino, Pesquisa e Extensão (SIEPE)	SILVA, A. L. S.; TRINDADE, V. P.		
resumoExpandidoEmCongresso	Andre Luis Silva da Silva	2016	CONEXÕES UNIVERSIDADE-ESCOLA: UMA PROPOSTA PARA A FORMAÇÃO DE PROFESSORES EM CIÊNCIAS EXATAS	VI ENCONTRO NACIONAL DAS LICENCIATURAS - ENALIC, 2016, Curitiba/PR. VI ENCONTRO NACIONAL DAS LICENCIATURAS - ENALIC	SILVA, A. L. S		
artigoEmPeriodico	Andre Martins Alvarenga	2017	2177-2893		A interdisciplinaridade nos componentes curriculares de cursos de licenciatura da área de ciências exatas e da terra	Revista Thema	ALVARENGA, A. M.; TAUCHEN, G. ; ALVARENGA, B. T.		
artigoEmPeriodico	Andre Martins Alvarenga	2017	1579-1513		Da diversidade à unidade : a mobilização e a integração docente em processos Interdisciplinares	REEC. REVISTA ELECTRÓNICA DE ENSEÑANZA DE LAS CIENCIAS	ALVARENGA, A. M.; TAUCHEN, G. ; ALVARENGA, B. T.		
artigoEmPeriodico	Andre Martins Alvarenga	2017	1982-596X		Interdisciplinaridade: da simplificação ao pensamento complexo	EDUCAÇÃO E FILOSOFIA (ONLINE)	TAUCHEN, G. ; ALVARENGA, A. M. ; FAVERO, A. A.		
artigoEmPeriodico	Andre Martins Alvarenga	2016	0104-8481		Organizações que potencializam a interdisciplinaridade:contribuições para a formação de professores	Comunicações (UNIMEP)	ALVARENGA, A. M.; TAUCHEN, G.		
trabalhoCompletoEmCongresso	Andre Martins Alvarenga	2016		O princípio dialógico na organização do currículo interdisciplinar	V Colóquio Internacional de Educação	ALVARENGA, A. M.; TAUCHEN, G. ; ALVARENGA, B. T.		
trabalhoCompletoEmCongresso	Andre Martins Alvarenga	2016		Os processos inclusivos na universidade	V Colóquio Internacional de Educação	ALVARENGA, B. T. ; TAUCHEN, G. ; ALVARENGA, A. M.		
artigoEmPeriodico	Anelise Marlene Schmidt	2018	2358-8195	http://dx.doi.org/10.15210/EE.V23I1.12564	Percepção Ambiental da Educação Básica das Águas Próximas a Atividades Mineradoras em Caçapava do Sul, RS	EXPRESSA EXTENSÃO	SCHMIDT, A. M. ; SILVA, A. L. S. ; GOI, M. E. J.		
artigoEmPeriodico	Anelise Marlene Schmidt	2017	1980-993X	http://dx.doi.org/10.4136/ambi-agua.2006	Geochemical analyses of water and public health of the MangueirÃ£o and Salso Streams in CaÃ§apava do Sul, RS, Brazil	Revista Ambiente e Agua	GOMES, CRISTIANE HEREDIA ; SCHMIDT, ANELISE MARLENE ; DESSART, RAFAEL LIMA ; CASA NOVA, GUILHERME PACHECO		
artigoEmPeriodico	Anelise Marlene Schmidt	2016	2165-3984	http://dx.doi.org/10.1520/ACEM20150038	Role of Rice Husk Ash and Water Extracted From Manioc in the Formation of Passive Film on Steel Reinforcement in Concrete	Advances in Civil Engineering Materials	TRINDADE, E. C. ; PIO, E. S. ; SILVA, T. M. V. ; FAOUR, E. C. ; SPENGLER, R. L. ; GROSSER, F. N. ; SCHMIDT, A. M. ; TAMBORIM, S. M.		
trabalhoCompletoEmCongresso	Anelise Marlene Schmidt	2018		Estudo Geoquímico de Águas e Sedimentos Provenientes de Processos de Lavra de Calcário	XIII Encontro Nacional de Engenharia de Sedimentos e I Partículas nas Américas	SCHMIDT, A. M.; GOMES, C. H. ; Schroeder, J. K. ; CASA NOVA, G. P. ; Flores, B. A. ; PASETTO, G. A.		
trabalhoCompletoEmCongresso	Anelise Marlene Schmidt	2017		ESTUDO DE IMPACTO AMBIENTAL DA DISPOSIÇÃO DE REJEITOS E ESTÉREIS EM MINERADORA DE CALCÁRIO	2 Congresso de Engenharia Ambiental do Sul do Brasil	SCHMIDT, A. M.; Schroeder, J. K. ; Flores, B. A. ; Carneiro, B. O. ; Jaime, D. M.		
trabalhoCompletoEmCongresso	Anelise Marlene Schmidt	2017		IMPACTO AMBIENTAL DA DISPOSIÇÃO DE REJEITOS EM MINERADORA DE CALCÁRIO NO MUNICÍPIO DE CAÇAPAVA DO SUL, RS	9 Salão Internacional de Ensino	SCHMIDT, A. M.; Schroeder, J. K. ; Carneiro, B. O. ; Jaime, D. M.		
artigoEmPeriodico	Angela Maria Hartmann	2016	1806-9126	http://dx.doi.org/10.1590/1806-9126-rbef-2016-0009	Uso da plataforma Arduino e do software PLX-DAQ para construção de gráficos de movimento em tempo real	Revista Brasileira de Ensino de Física (Online)	DWORAKOWSKI, L. A. ; HARTMANN, A. M. ; KAKUNO, E. M. ; Dorneles, P. F. T.		
artigoEmPeriodico	Angela Maria Hartmann	2016	2447-6722		O Planetário Inflável em Caçapava do Sul e Lavras do Sul: Astronomua para Crianças, Jovens e Adultos	Revista Colabore	HARTMANN, ANGELA MARIA; OLIVEIRA, V. A. ; RAZEIRA M.		
trabalhoCompletoEmCongresso	Angela Maria Hartmann	2017		Química no Ensino Fundamental: o entorno da escola como objeto de estudo	IV Congresso Internacional de Educação Científica e Tecnológica	MILETTO, M. F. ; HARTMANN, A. M.		
trabalhoCompletoEmCongresso	Angela Maria Hartmann	2016		Astronomia para todos: experiências extensionistas no campus Caçapava do Sul - UNIPAMPA	8o. Salão Internacional de Ensino	SPERANDIO, D. G. ; HARTMANN, A. M. ; OLIVEIRA, V. A. ; CASTRO, A. M. ; LASAS, P. A. C.		
resumoExpandidoEmCongresso	Angela Maria Hartmann	2016	Conexões Universidade-Escola: desafios de uma licenciatura em Ciências Exatas	VII Encontro Nacional de Licenciaturas e V Seminário Nacional do PIBID, 2016, Curitiba/RS. Anais do VII Encontro Nacional de Licenciaturas e V Seminário Nacional do PIBID. Curitiba/PR: UNIOESTE	GOI, M. E. J. ; SILVA, A. L. S. ; HARTMANN, A. M. ; MARTINS, M. A. R. ; FERREIRA, M. ; HUNSCHE, S.		
resumoExpandidoEmCongresso	Angela Maria Hartmann	2016	Uso do scrtch como ferramenta educacional para o ensino de Matemática e computação	Salão Internacional de Ensino, Pesquisa e Extensão, 2016, Uruguaiana. Anais do 8o. Salão Internacional de Ensino, Pesquisa e Extensão. BAGÉ: UNIPAMPA	CASADO, C. ; MARTINS, M. A. R. ; HARTMANN, A. M. ; MADRID, F. G. ; LENZ, G. H.		
resumoExpandidoEmCongresso	Angela Maria Hartmann	2016	Astronomia para todos: divulgando Ciência com o planetário móvel	8o. Salão Internacional de Ensino, Pesquisa e Extensão, 2016, Uruguaiana. Anais do 8o. Salão Internacional de Ensino, Pesquisa e Extensão. Bagé: UNIPAMPA	CASTRO, A. M. ; HARTMANN, A. M. ; SPERANDIO, D. G. ; OLIVEIRA, V. A.		
artigoEmPeriodico	Carolina Ferreira de Matos Jauris	2018	0947-6539	http://dx.doi.org/10.1002/chem.201704094	Imprinted naked Pt nanoparticles on N-doped carbon supports: A synergistic effect between catalyst and support	CHEMISTRY-A EUROPEAN JOURNAL	DUPONT, JAIRTON ; BOLZAN, GUSTAVO R. ; ABARCA, GABRIEL ; GONÇALVES, WELLINGTON D. G. ; MATOS, CAROLONA F. ; SANTOS, MARCOS J. L.		
artigoEmPeriodico	Carolina Ferreira de Matos Jauris	2018	2470-1343	http://dx.doi.org/10.1021/acsomega.7b01848	Highly Conducting, Sustainable, Nanographitic Rubber Composites	ACS Omega	KAMPIOTI, KATERINA ; Matos, Carolina F. ; Galembeck, Fernando ; JAILLET, CHRISTÈLE ; DERRÉ, ALAIN ; Zarbin, Aldo J.G. ; PÉNICAUD, ALAIN		
artigoEmPeriodico	Carolina Ferreira de Matos Jauris	2018	1144-0546	http://dx.doi.org/10.1039/c8nj02431f	Synergistic interplay of ionic liquid and dodecyl sulphate driving the oxidation state of Polypyrrole based electrodes	NEW JOURNAL OF CHEMISTRY	LOGUERCIO, LARA FERNANDES ; DE MATOS, CAROLIA FERREIRA ; DE OLIVEIRA, MATHEUS C ; MARIN, GRACIANE ; KHAN, SHERDIL ; BALZARETTI, NAIRA MARIA ; DUPONT, JAIRTON ; JOSÉ LEITE SANTOS, MARCOS JOSE LEITE ; FERREIRA, JACQUELINE		
artigoEmPeriodico	Carolina Ferreira de Matos Jauris	2017	1984-6835	http://dx.doi.org/10.21577/1984-6835.20170008	Multifunctional Nanocomposites of Natural Rubber Latex and Carbon Nanostructures	Revista Virtual de Química	F. DE MATOS, CAROLINA; Galembeck, Fernando ; G. ZARBIN, ALDO JOSÉ		
artigoEmPeriodico	Carolina Ferreira de Matos Jauris	2017	1463-9076	http://dx.doi.org/10.1039/c7cp04272h	ADSORPTION OF ANTI-INFLAMMATORY NIMESULIDE BY GRAPHENE MATERIALS: A COMBINED THEORETICAL AND EXPERIMENTAL STUDY	PHYSICAL CHEMISTRY CHEMICAL PHYSICS	JAURIS, IURI ; DE MATOS, CAROLIA FERREIRA ; Zarbin, Aldo J.G. ; UMPIERRES, CIBELE SANT'ANNA ; SAUCIER, CAROLINE ; LIMA, EDER ; BINOTO FAGAN, SOLANGE ; ZANELLA, IVANA ; MACHADO, FERNANDO		
artigoEmPeriodico	Carolina Ferreira de Matos Jauris	2016	1361-6463	http://dx.doi.org/10.1088/0022-3727/49/10/105106	Water based, solution-processable, transparent and flexible graphene oxide composite as electrodes in organic solar cell application	Journal of Physics D: Applied Physics	LIMA, L F ; MATOS, C F ; GONÇALVES, L C ; SALVATIERRA, R V ; CAVA, C E ; ZARBIN, A J G ; ROMAN, L S		
artigoEmPeriodico	Carolina Ferreira de Matos Jauris	2016	0103-5053	http://dx.doi.org/10.21577/0103-5053.20160313	Multifunctional Nanocomposites between Different Carbon Nanostructures and Styrene Acrylic Latex	JOURNAL OF THE BRAZILIAN CHEMICAL SOCIETY	MATOS, CAROLINA; Galembeck, Fernando ; ZARBIN, ALDO		
trabalhoCompletoEmCongresso	Carolina Ferreira de Matos Jauris	2018		Experimento laboratorial para analise do reuso da floculação e eletrofloculação na clarificação de águas	10° Salão Internacional de ensino	MATOS, CAROLINA; SOUZA, E. H. S.		
trabalhoCompletoEmCongresso	Carolina Ferreira de Matos Jauris	2018		Graphene-based nanomaterials for adsorption and removal of pesticides:a review	10° Salão Internacional de ensino	MATOS, CAROLINA; BRAGA, V. H.		
trabalhoCompletoEmCongresso	Carolina Ferreira de Matos Jauris	2018		Tratamento de água cinza por adsorção para fisn de reúso domestico na irrigação de Jardins	10° Salão Internacional de ensino	MATOS, CAROLINA; XIMENES, V. N.		
trabalhoCompletoEmCongresso	Carolina Ferreira de Matos Jauris	2018		Avaliação dos parâmetros que influenciam a remoção de cobre em meio aquoso por grafeno tridimensional	10° Salão Internacional de ensino	MATOS, CAROLINA; XIMENES, V. N.		
trabalhoCompletoEmCongresso	Carolina Ferreira de Matos Jauris	2018		Utilização da Biomassa proveniente da casca da banana como bioadsorvente em águas contaminadas por cobre	10° Salão Internacional de ensino	MATOS, CAROLINA; CRUZ, V. C.		
trabalhoCompletoEmCongresso	Carolina Ferreira de Matos Jauris	2017		THREE-DIMENSIONAL GRAPHENE-BASED MATERIALS FOR HEAVY METAL REMOVAL AND RECOVERY FROM WATER	9 ° Salão Internacional de Ensino	LINO, B. ; BORDIN, J. R. ; MATOS, CAROLINA		
resumoExpandidoEmCongresso	Carolina Ferreira de Matos Jauris	2016	Water based, solution-processable, transparent and flexible graphene oxide composite as electrodes in organic solar cell application	XV Brazilian MRS meeting, 2016, Campinas SP. Abstract book XV Brazilian MRS meeting	LIMA, L F ; BORGES, B. G. A. L. ; MATOS, C F ; CAVA, C E ; GONÇALVES, L C ; SALVATIERRA, R V ; ZARBIN, A. J. G. ; ROCCO, M. L. M. ; ROMAN, L S		
artigoEmPeriodico	Caroline Wagner	2018	1477-0520	http://dx.doi.org/10.1039/c8ob00451j	Diselenoamino acid derivatives as GPx mimics and as substrates of TrxR: <i>in vitro</i> and <i>in silico</i> studies	ORGANIC & BIOMOLECULAR CHEMISTRY	Sudati, Jéssie Haigert ; NOGARA, PABLO ANDREI ; SARAIVA, ROGÉRIO AQUINO ; Wagner, Caroline ; ALBERTO, EDUARDO ELIEZER ; BRAGA, ANTONIO LUIZ ; FACHINETTO, Roselei ; PIQUINI, PAULO CESAR ; Rocha, João Batista Teixeira		
artigoEmPeriodico	Caroline Wagner	2018	0944-1344	http://dx.doi.org/10.1007/s11356-018-2293-7	Methylmercury and diphenyl diselenide interactions in Drosophila melanogaster: effects on development, behavior, and Hg levels	Environmental Science and Pollution Research	LEÃO, MAYARA B. ; DA ROSA, PAULO C. C. ; Wagner, Caroline ; LUGOKENSKI, THIAGO H. ; DALLA CORTE, CRISTIANE L.		
artigoEmPeriodico	Caroline Wagner	2017	0008-4212	http://dx.doi.org/10.1139/cjpp-2017-0207	Protective effect of (-)-α-Bisabolol on rotenone-induced toxicity in <i>Drosophila melanogaster</i>	CANADIAN JOURNAL OF PHYSIOLOGY AND PHARMACOLOGY	LEITE, GERLÂNIA DE OLIVEIRA ; ECKER, ASSIS ; SEEGER, RODRIGO LOPES ; KRUM, BÁRBARA NUNES ; LUGOKENSKI, THIAGO HENRIQUE ; FACHINETTO, Roselei ; Sudati, Jéssie Haigert ; BARBOSA, NILDA VARGAS ; Wagner, Caroline		
artigoEmPeriodico	Caroline Wagner	2016	2044-4648	http://dx.doi.org/10.5567/pharmacologia.2016.193.201	In vitro Antioxidant Activity Investigation of Vanillomopsis arborea Baker Aqueous Extracts, Essential Oil and Isolated Compound: (-)-α-bisabolol	Pharmacologia	LEITE, GERLANIA O. ; Dubois AF ; Seeger RL ; Boligon, Aline Augusti ; Costa JGM ; Lugokenski T. H. ; Campos AR ; FACHINETTO, Roselei ; KAMDEM, JEAN PAUL ; ROCHA, JOÃO BATISTA TEIXEIRA DA ; Wagner, Caroline		
artigoEmPeriodico	Caroline Wagner	2016	1982-2413		ABORDAGEM DA HISTÓRIA DA QUÍMICA NA EDUCAÇÃO BÁSICA	Experiências em Ensino de Ciências (UFRGS)	Machado, SFR ; GOI, M. E. J. ; WAGNER, C		
artigoEmPeriodico	Caroline Wagner	2016	0364-3190	http://dx.doi.org/10.1007/s11064-015-1811-y	Harpagophytum Procumbens Ethyl Acetate Fraction Reduces Fluphenazine-Induced Vacuous Chewing Movements and Oxidative Stress in Rat Brain	Neurochemical Research	SCHAFFER, LARISSA FINGER ; DE FREITAS, CATIUSCIA MOLZ ; CHIAPINOTTO CERETTA, ANA PAULA ; PEROZA, LUIS RICARDO ; DE MORAES REIS, ELIZETE ; KRUM, BÁRBARA NUNES ; Busanello, Alcindo ; Boligon, Aline Augusti ; Sudati, Jéssie Haigert ; FACHINETTO, Roselei ; Wagner, Caroline		
trabalhoCompletoEmCongresso	Caroline Wagner	2017		Concepções dos estudantes sobre a Química do Corpo Humano	37º EDEQ- Encontro de Debates de Ensino de Química	Branco, JC ; WAGNER, C		
resumoExpandidoEmCongresso	Caroline Wagner	2017	POTENCIALIDADES E LIMITAÇÕES DOS SEMINÁRIOS INTEGRADOS VIA TEMA	9º SIEPE, 2017, Santana do Luvramento. Anais do 9º SIEPE - 2017	Branco, JC ; Soares, OGR ; WAGNER, C ; HUNSCHE, S. ; Mayra da Silva Cutruneo Ceschini ; Funari, SS		
artigoEmPeriodico	Cristiane Heredia Gomes	2018	1980-4407		Nuclídeos cosmogênicos: uma análise sobre um século de pesquisa em Geociências	REVISTA TERRAE DIDATICA	Gomes, C.H; SPERANDIO, D. G. ; DESSART, R. L.		
artigoEmPeriodico	Cristiane Heredia Gomes	2018	2151-4755	http://dx.doi.org/10.4236/ce.2018.96068	Soil Analysis as a Pedagogical Strategy in High School with PBL Methodology	CREATIVE EDUCATION	Gomes, C.H; BORGES, N. P. ; SILVA, I. C. T. ; SIQUEIRA, V. F. ; MIRAPALHETE, C. F. ; DESSART, R. L.		
artigoEmPeriodico	Cristiane Heredia Gomes	2018	0101-9759	http://dx.doi.org/10.11137/2018_2_66_73	Evaluation of Soil Physical Indices Under Different Uses in River Basin	ANUÁRIO DO INSTITUTO DE GEOCIÊNCIAS (UFRJ. IMPRESSO)	KEMERICH, P. D. C. ; MARTINS, S. R. ; KOBIYAMA, M. ; SILVA, V. R. ; KOPPE, E. ; BORBA, W. F. ; FLORES, C. E. B. ; FERNANDES, G. D. ; Gomes, C.H		
artigoEmPeriodico	Cristiane Heredia Gomes	2018	2179-460X		Detection and Evaluation of metals in soil under influence of mining by Dispersive Energy X-ray Fluorescence Spectrometry (EDXRF), Lavras do Sul/RS	CIÊNCIA E NATURA	Gomes, C.H; SPERANDIO, D. G. ; DESSART, R. L. ; GIUSTI, D. D.		
artigoEmPeriodico	Cristiane Heredia Gomes	2018	1984-7505		ABORDAGEM DA GEOCIÊNCIAS NO ENSINO INFANTIL DE CAÇAPAVA DO SUL, RS: A FORM[AÇÃO] DOS VULCÕES	ARETÉ (MANAUS)	Gomes, C.H; SPERANDIO, D. G. ; BORGES, N. P. ; DESSART, R. L.		
artigoEmPeriodico	Cristiane Heredia Gomes	2018	0101-9759	http://dx.doi.org/10.11137/2018_3_470_482	Sediment Geochemistry at the Confluence of Baixo Jacuí and Vacacaí-Mirim Hydrographic Basins, Caçapava do Sul-RS: Implications for Provenance and Chemical Weathering	ANUÁRIO DO INSTITUTO DE GEOCIÊNCIAS (UFRJ. IMPRESSO)	Gomes, C.H; ALMEIDA, D. P. M. ; SPERANDIO, D. G.		
artigoEmPeriodico	Cristiane Heredia Gomes	2018	2349-6495	http://dx.doi.org/10.22161/ijaers.5.4.32	Remote Sensing analysis of the meanders migration in the Mamorecillo River between 1985 and 2012, Bolivia	INTERNATIONAL JOURNAL OF ADVANCED ENGINEERING RESEARCH AND SCIENCE	Gomes, C.H; SPERANDIO, D. G. ; DESSART, R. L.		
artigoEmPeriodico	Cristiane Heredia Gomes	2017	1980-993X	http://dx.doi.org/10.4136/ambi-agua.2006	Geochemical analyses of water and public health of the MangueirÃ£o and Salso Streams in CaÃ§apava do Sul, RS, Brazil	Revista Ambiente e Agua	GOMES, CRISTIANE HEREDIA ; SCHMIDT, ANELISE MARLENE ; DESSART, RAFAEL LIMA ; CASA NOVA, GUILHERME PACHECO		
artigoEmPeriodico	Cristiane Heredia Gomes	2017	1982-2413		UTILIZAÇÃO DA ABORDAGEM TEMÁTICA EM AULAS DE CIÊNCIAS: RELATO DE EXPERIÊNCIA EM SALA DE AULA.	EXPERIÊNCIAS EM ENSINO DE CIÊNCIAS (UFRGS)	SILVA, E. R. A. ; MARQUES, S. G. ; PERCEVAL, V. O. ; Gomes, C.H		
artigoEmPeriodico	Cristiane Heredia Gomes	2017	1808-6578		PRATICANDO SABERES E CONSTRUINDO IDEIAS EM GEOCIÊNCIAS.	Revista Conexão UEPG	Gomes, C.H; DESSART, R. L. ; SPERANDIO, D. G. ; OLIVEIRA, J. G. ; BARROSO, I. ; XAVIER, C. F. ; ANTUNES, C. C.		
artigoEmPeriodico	Cristiane Heredia Gomes	2016	2151-4755	http://dx.doi.org/10.4236/ce.2016.718254	The Contributions of the Monitoring: Program to the Education in Geoscience and in the Monitor?s Academic Formation	CREATIVE EDUCATION	Gomes, C.H; DESSART, R. L. ; BARROSO, I. ; CEOLIN, A. C. G.		
trabalhoCompletoEmCongresso	Cristiane Heredia Gomes	2018	http://dx.doi.org/10.22533/at.ed.2091821128	Estudo geoquímico de águas e sedimentos provenientes de processos de lavra de calcário	XIII Encontro Nacional de Engenharia de Sedimentos e I Partículas nas Américas	SCHMIDT, A. M.; GOMES, C. H. ; Schroeder, J. K. ; CASA NOVA, G. P. ; Flores, B. A. ; PASETTO, G. A.		
trabalhoCompletoEmCongresso	Cristiane Heredia Gomes	2018		LEITURA PARA TODOS	10° Salão Internacional de Ensino	TAVARES, A. P. ; Gomes, C.H		
trabalhoCompletoEmCongresso	Cristiane Heredia Gomes	2017		O USO DE SENSORIAMENTO REMOTO PARA DETECTAR E MONITORAR A MIGRAÇÃO DE MEANDROS NO RIO MAMORECILLO, BOLIVIA, ENTRE 1985 E 2012	X Simpósio Sul Brasileiro de Geologia	BORGES, N. P. ; SPERANDIO, D. G. ; Gomes, C.H		
trabalhoCompletoEmCongresso	Cristiane Heredia Gomes	2017		ANÁLISE DAS CONCENTRAÇÕES DE NITRATO EM ÁGUAS SUPERFICIAIS E SUBTERRÂNEAS EM ÁREA DE ATIVIDADE MINEIRA NO MUNICÍPIO DE CAÇAPAVA DO SUL ? RS	XVI Congresso Brasileiro de Geoquímica	JUNGES, K. G. ; Gomes, C.H ; SPERANDIO, D. G. ; DESSART, R. L. ; BORGES, N. P. ; BARBOSA, A. S.		
trabalhoCompletoEmCongresso	Cristiane Heredia Gomes	2017		GEOQUÍMICA DE SEDIMENTOS DE CORRENTE DA CONFLUÊNCIA DAS BACIAS HIDROGRÁFICAS: BAIXO JACUÍ E VACACAÍ-MIRIM, COMO FERRAMENTA DE PLANEJAMENTO AMBIENTAL, RS, BRASIL	XVI Congresso Brasileiro de Geoquímica	Gomes, C.H; DESSART, R. L. ; SPERANDIO, D. G. ; BORGES, N. P. ; BARBOSA, A. S.		
trabalhoCompletoEmCongresso	Cristiane Heredia Gomes	2017		GEOCIÊNCIAS E ROBÓTICA: ENSINANDO OS SISTEMAS VULCÂNICOS PARA CRIANÇAS	X Simpósio Sul Brasileiro de Geologia,	BORGES, N. P. ; SPERANDIO, D. G. ; Gomes, C.H ; DESSART, R. L.		
trabalhoCompletoEmCongresso	Cristiane Heredia Gomes	2017		Análise de solos como prática para aproximação da Geociência	9° Salão Internacional de Ensino	TALLEMBERG, D. ; Gomes, C.H ; BORGES, N. P. ; SILVA, G. S. N.		
trabalhoCompletoEmCongresso	Cristiane Heredia Gomes	2017		Análise Geoquímica: sedimentos de corrente e margem, arroio Jaguari, Lavras do Sul, RS	9° Salão Internacional de Ensino	BORGES, N. P. ; Gomes, C.H ; BARBOSA, A. S. ; SPERANDIO, D. G.		
trabalhoCompletoEmCongresso	Cristiane Heredia Gomes	2017		Monitoria: observação e articulação no 2° ano do ensino médio com lugares de interesse Geoeducativo	9° Salão Internacional de Ensino	BORGES, N. P. ; Gomes, C.H ; SPERANDIO, D. G. ; SILVA, G. S. N. ; TALLEMBERG, D.		
trabalhoCompletoEmCongresso	Cristiane Heredia Gomes	2017		Análise hidrogeoquímica de água	9° Salão Internacional de Ensino	PEREIRA, J. H. ; ALMEIDA, A. S. ; Gomes, C.H ; SAUER, R. ; SOARES, F. W.		
trabalhoCompletoEmCongresso	Cristiane Heredia Gomes	2017		A Geologia em consoância com a Literatura infantil	9° Salão Internacional de Ensino	VICOZZI, A. ; Gomes, C.H		
trabalhoCompletoEmCongresso	Cristiane Heredia Gomes	2017		Estudo químico da qualidade da água em Lavras do Sul, RS	9° Salão Internacional de Ensino	XIMENES, V. ; Gomes, C.H ; REIS, G. L. R. ; SCHMENGLER, C. M. ; CAMPOS, A. M. ; HENRIQUE, E.		
trabalhoCompletoEmCongresso	Cristiane Heredia Gomes	2017		Técnicas de Microscópio Petrográfico para identificação de minerais do solo em Minas do Camaquã, RS	9° Salão Internacional de Ensino	ECHAGUE, J. T. T. ; Gomes, C.H		
trabalhoCompletoEmCongresso	Cristiane Heredia Gomes	2017		Observação da interação dos alunos do ensino médio em atividades de Geociência	9° Salão Internacional de Ensino	SILVA, G. S. N. ; Gomes, C.H ; TALLEMBERG, D. ; BORGES, N. P.		
trabalhoCompletoEmCongresso	Cristiane Heredia Gomes	2017		DIAGNÓSTICO AMBIENTAL DE CURSOS D?ÁGUA EM LAVRAS DO SUL-RS	9° Salão Internacional de Ensino	CARDOSO, O. ; Gomes, C.H ; RIEGEL, J. M. N. ; CRUZ, V. C.		
trabalhoCompletoEmCongresso	Cristiane Heredia Gomes	2017		[INTER]RELAÇÕES ENTRE GEOCONSERVAÇÃO E PRESERVAÇÃO DO PATRIMÔNIO GEOLÓGICO COM A GEOLOGIA DE CAMPO	9° Salão Internacional de Ensino	BARBOSA, A. S. ; Gomes, C.H ; SPERANDIO, D. G. ; BORGES, N. P.		
trabalhoCompletoEmCongresso	Cristiane Heredia Gomes	2017		Análise geoquímica de solo e sedimento no arroio Jaguari, Lavras do Sul-RS	9° Salão Internacional de Ensino	CECCATO, H. D. ; Gomes, C.H ; LOPES, A. P. ; MADRID, F. G. ; CUNHA, M. K. R.		
resumoExpandidoEmCongresso	Cristiane Heredia Gomes	2018	Tecnologias da Informação e Comunicação em Geociências: experiências ensino-extensionistas do Museu Virtual Geológico do Pampa	10° Salão Internacional de Ensino, Pesquisa e Extensão, 2018, Santana do Livramento. Anais do 10° Salão Internacional de Ensino, Pesquisa e Extensão	SPERANDIO, D. G. ; Gomes, C.H		
resumoExpandidoEmCongresso	Cristiane Heredia Gomes	2018	A geologia e a literatura infantil: uma troca de saberes	10° Salão Internacional de Ensino, Pesquisa e Extensão, 2018, Santana do Livramento. Anais do 10° Salão Internacional de Ensino, Pesquisa e Extensão	VICOZZI, A. ; Gomes, C.H		
resumoExpandidoEmCongresso	Cristiane Heredia Gomes	2018	Fomento à educação geocientífica: práticas extensionistas de ensino e divulgação da Geodiversidade do Escudo Sul-rio-grandense	10° Salão Internacional de Ensino, Pesquisa e Extensão, 2018, Santana do Livramento. Anais do 10° Salão Internacional de Ensino, Pesquisa e Extensão	BORGES, N. P. ; BARBOSA, A. S. ; SPERANDIO, D. G. ; Gomes, C.H		
resumoExpandidoEmCongresso	Cristiane Heredia Gomes	2018	As Geociências e a extensão: alinhando comunidade e universidade	10° Salão Internacional de Ensino, Pesquisa e Extensão, 2018, Santana do Livramento. Anais do 10° Salão Internacional de Ensino, Pesquisa e Extensão	BARBOSA, A. S. ; DESSART, R. L. ; Gomes, C.H ; BORGES, N. P. ; SPERANDIO, D. G.		
resumoExpandidoEmCongresso	Cristiane Heredia Gomes	2018	Núcleo de datação por traços de fissão: pesquisa e desenvolvimento em termocronologia no Pampa Gaúcho	10° Salão Internacional de Ensino, Pesquisa e Extensão, 2018, Santana do Livramento. Anais do 10° Salão Internacional de Ensino, Pesquisa e Extensão	SPERANDIO, D. G. ; BORGES, N. P. ; Gomes, C.H		
resumoExpandidoEmCongresso	Cristiane Heredia Gomes	2018	Avaliação da fauna de macroinvertebrados bentônicos correlacionado a análise físico-químicas do lago do campus	10° Salão Internacional de Ensino, Pesquisa e Extensão, 2018, Santana do Livramento. Anais do 10° Salão Internacional de Ensino, Pesquisa e Extensão	TAGLIEBER, J. C. H. ; VICOZZI, A. ; Gomes, C.H		
resumoExpandidoEmCongresso	Cristiane Heredia Gomes	2018	Análise de água	10° Salão Internacional de Ensino, Pesquisa e Extensão, 2018, Santana do Livramento. Anais do 10° Salão Internacional de Ensino, Pesquisa e Extensão	MOREIRA, J. N. ; CRUZ, V. C. ; REIS, G. L. R. ; Gomes, C.H ; ROSA, M. L.		
resumoExpandidoEmCongresso	Cristiane Heredia Gomes	2018	Criação de estratégias para diminuição dos índices de evasão no curso de Geologia da Unipampa	10° Salão Internacional de Ensino, Pesquisa e Extensão, 2018, Santana do Livramento. Anais do 10° Salão Internacional de Ensino, Pesquisa e Extensão	FURLAN, B. ; TAVARES, A. P. ; Gomes, C.H		
resumoExpandidoEmCongresso	Cristiane Heredia Gomes	2018	LEITURA PARA TODOS	10° Salão Internacional de Ensino, Pesquisa e Extensão, 2018, Santana do Livramento. Anais do 10° Salão Internacional de Ensino, Pesquisa e Extensão	TAVARES, A. P. ; BORGES, N. P. ; Gomes, C.H ; VICOZZI, A. ; FURLAN, B.		
resumoExpandidoEmCongresso	Cristiane Heredia Gomes	2018	As contribuições da monitoria: monitor em formação acadêmica	10° Salão Internacional de Ensino, Pesquisa e Extensão, 2018, Santana do Livramento. Anais do 10° Salão Internacional de Ensino, Pesquisa e Extensão	KWAMME, C. M. L. ; PAULI, E. D. N. ; TOLEDO, J. C. ; BENEDET, N. M. ; AZEREDO, G. A. ; Gomes, C.H		
resumoExpandidoEmCongresso	Cristiane Heredia Gomes	2018	Geoquímica e petrografia de sedimentos da praia brava, Búzios-RJ: fluorescência de raios-x e microscopia	10° Salão Internacional de Ensino, Pesquisa e Extensão, 2018, Santana do Livramento. Anais do 10° Salão Internacional de Ensino, Pesquisa e Extensão	BARBOSA, A. S. ; SPERANDIO, D. G. ; RAMALHO, A. G. C. ; BORGES, N. P. ; Gomes, C.H		
resumoExpandidoEmCongresso	Cristiane Heredia Gomes	2018	A importância da prospecção geológica na extração de rochas ornamentais: um exemplo sienito piquiri	10° Salão Internacional de Ensino, Pesquisa e Extensão, 2018, Santana do Livramento. Anais do 10° Salão Internacional de Ensino, Pesquisa e Extensão	SANTOS, T. P. ; GUEDES, P. L. ; Gomes, C.H		
resumoExpandidoEmCongresso	Cristiane Heredia Gomes	2018	Análises físico-químicas da água e dos sedimentos de fundo do arroio das Lavras, Lavras do Sul-RS	10° Salão Internacional de Ensino, Pesquisa e Extensão, 2018, Santana do Livramento. Anais do 10° Salão Internacional de Ensino, Pesquisa e Extensão	BITENCOURT, G. ; Gomes, C.H ; PAULI, E. D. N. ; ZANON, G. ; SOUZA, B. T. C.		
resumoExpandidoEmCongresso	Cristiane Heredia Gomes	2018	Análise geoquímica da água através de parâmetros físico-químicos em um arroio, Lavras do Sul-RS	10° Salão Internacional de Ensino, Pesquisa e Extensão, 2018, Santana do Livramento. Anais do 10° Salão Internacional de Ensino, Pesquisa e Extensão	SANTOS, B. M. L. ; MADRID, F. G. ; Gomes, C.H ; MIRANDA, G. M. ; CUNHA, M. K. R.		
resumoExpandidoEmCongresso	Cristiane Heredia Gomes	2018	Identificação de lineamentos estruturais do Complexo Granítico de Caçapava do Sul, RS, através do Landsat 5	10° Salão Internacional de Ensino, Pesquisa e Extensão, 2018, Santana do Livramento. Anais do 10° Salão Internacional de Ensino, Pesquisa e Extensão	RAMALHO, A. G. C. ; SPERANDIO, D. G. ; TAGLIEBER, J. C. H. ; Gomes, C.H		
resumoExpandidoEmCongresso	Cristiane Heredia Gomes	2018	Mapeamento geoquímico dos elementos químicos presentes nos sedimentos de um arroio em Lavras do Sul-RS	10° Salão Internacional de Ensino, Pesquisa e Extensão, 2018, Santana do Livramento. Anais do 10° Salão Internacional de Ensino, Pesquisa e Extensão	CUNHA, M. K. R. ; SANTOS, B. M. L. ; Gomes, C.H ; CECCATO, H. D. ; MADRID, F. G.		
resumoExpandidoEmCongresso	Cristiane Heredia Gomes	2018	Caracterização do arroio das Lavras: determinação hidrogeológica e mineralógica em arroio de Lavras do Sul	10° Salão Internacional de Ensino, Pesquisa e Extensão, 2018, Santana do Livramento. Anais do 10° Salão Internacional de Ensino, Pesquisa e Extensão	BRUM, F. N. ; MARQUES, G. R. ; Gomes, C.H		
resumoExpandidoEmCongresso	Cristiane Heredia Gomes	2018	Análise geoquímica da água do arroio das Lavras, Lavras do Sul, RS-Brasil	10° Salão Internacional de Ensino, Pesquisa e Extensão, 2018, Santana do Livramento. Anais do 10° Salão Internacional de Ensino, Pesquisa e Extensão	TEIXEIRA, T. B. ; SILVA, G. S. N. ; Gomes, C.H		
resumoExpandidoEmCongresso	Cristiane Heredia Gomes	2018	Estudo geoquímico no município de Lavras do Sul-RS	10° Salão Internacional de Ensino, Pesquisa e Extensão, 2018, Santana do Livramento. a	LIMA, R. ; Gomes, C.H ; ZUGE, G.		
resumoExpandidoEmCongresso	Cristiane Heredia Gomes	2018	Construção e análise da eficiência térmica de lareira ecológica com materiais recicláveis com baixo custo	10° Salão Internacional de Ensino, Pesquisa e Extensão, 2018, Santana do Livramento. Anais do 10° Salão Internacional de Ensino, Pesquisa e Extensão	DRUZIAN, F. ; SANTOS, G. K. ; Gomes, C.H ; SILVA, P. L. ; AMBROZZI, E. D. ; DRUZIAN, M. E. B.		
resumoExpandidoEmCongresso	Cristiane Heredia Gomes	2018	Caracterização petrográfica da fácies leucogranítica do granito Santos Ferreira, Caçapava do Sul, RS	10° Salão Internacional de Ensino, Pesquisa e Extensão, 2018, Santana do Livramento. Anais do 10° Salão Internacional de Ensino, Pesquisa e Extensão	SANTANA, J. P. ; Gomes, C.H ; LARA, L. F. ; SPERANDIO, D. G.		
resumoExpandidoEmCongresso	Cristiane Heredia Gomes	2018	Estudo petrográfico de metacalcários da Fomração Passo Feio, Caçapava do Sul, RS	10° Salão Internacional de Ensino, Pesquisa e Extensão, 2018, Santana do Livramento. Anais do 10° Salão Internacional de Ensino, Pesquisa e Extensão	DIAS, G. P. ; Gomes, C.H		
resumoExpandidoEmCongresso	Cristiane Heredia Gomes	2018	Mapeamento geofísico de um corpo ultramáfico na região de Caçapava do Sul - RS	10° Salão Internacional de Ensino, Pesquisa e Extensão, 2018, Santana do Livramento. Anais do 10° Salão Internacional de Ensino, Pesquisa e Extensão	COPPI, D. A. ; CAPRARA, B. B. ; Gomes, C.H ; GOMES, V. S. ; BITENCOURT, S. O.		
resumoExpandidoEmCongresso	Cristiane Heredia Gomes	2018	Cristaloquímica e mineralogênese em olivinas magmáticas da Ilha das Flores, Arquipélago dos Açores - Portugal	10° Salão Internacional de Ensino, Pesquisa e Extensão, 2018, Santana do Livramento. Anais do 10° Salão Internacional de Ensino, Pesquisa e Extensão	SPERANDIO, D. G. ; Gomes, C.H ; SANTANA, J. P.		
resumoExpandidoEmCongresso	Cristiane Heredia Gomes	2017	Geoconservação e ensino do patrimônio geológico do Escudo Sul-Riograndense através do Museu Virtual do Pampa	IV Simpósio Brasileiro de Patrimônio Geológico e II Encontro Luso-Brasileiro de Patrimônio Geomorfológico e Geoconservação, 2017, Ponta Grossa. Anais do IV Simpósio Brasileiro de Patrimônio Geológico e II Encontro Luso-Brasileiro de Patrimônio Geomorfológico e Geoconservação	BARBOSA, A. S. ; SPERANDIO, D. G. ; BORGES, N. P. ; Gomes, C.H ; DESSART, R. L.		
resumoExpandidoEmCongresso	Cristiane Heredia Gomes	2016	Geologia e Geodiversidade do Escudo Sul-Riograndense: Museu Virtual Geológico do Pampa como Ferramenta de Ensino	8° Salão Internacional de Ensino, Pesquisa e Extensão, 2016, Uruguaiana. Anais do 8° Salão Internacional de Ensino, Pesquisa e Extensão	SPERANDIO, D. G. ; BORGES, N. P. ; Gomes, C.H		
resumoExpandidoEmCongresso	Cristiane Heredia Gomes	2016	Geologia de Campo como Ferramenta para Entender e Decifrar o Planeta Terra de forma prática	8° Salão Internacional de Ensino, Pesquisa e Extensão, 2016, Uruguaiana. Anais do 8° Salão Internacional de Ensino, Pesquisa e Extensão	SPERANDIO, D. G. ; BORGES, N. P. ; CEOLIN, A. C. G. ; Gomes, C.H		
resumoExpandidoEmCongresso	Cristiane Heredia Gomes	2016	Análise Preliminar de FRX em Sedimentos de Corrente da Sanga da Brandina, Caçapava do Sul-RS	8° Salão Internacional de Ensino, Pesquisa e Extensão, 2016, Uruguaiana. Anais do 8° Salão Internacional de Ensino, Pesquisa e Extensão	OLIVEIRA, J. G. ; Gomes, C.H		
resumoExpandidoEmCongresso	Cristiane Heredia Gomes	2016	Interação com Alunos do Ensino Fundamental para Criação de um Vulcão Interativo	8° Salão Internacional de Ensino, Pesquisa e Extensão, 2016, Uruguaiana. Anais do 8° Salão Internacional de Ensino, Pesquisa e Extensão	BORGES, N. P. ; SPERANDIO, D. G. ; Gomes, C.H		
resumoExpandidoEmCongresso	Cristiane Heredia Gomes	2016	Metodologia Utilizada no Estudo Geoquímico de Lagos: Um Estudo Desenvolvido no Ciências Sem Fronteiras	8° Salão Internacional de Ensino, Pesquisa e Extensão, 2016, Uruguaiana. Anais do 8° Salão Internacional de Ensino, Pesquisa e Extensão	MACEDO, I. ; Gomes, C.H		
resumoExpandidoEmCongresso	Cristiane Heredia Gomes	2016	Utilização de Aerogeofísica na Correlação Geológica e Geofísica no Município de São Sepé - RS	8° Salão Internacional de Ensino, Pesquisa e Extensão, 2016, Uruguaiana. Anais do 8° Salão Internacional de Ensino, Pesquisa e Extensão	PINTO, J. G. ; Gomes, C.H		
resumoExpandidoEmCongresso	Cristiane Heredia Gomes	2016	Resultados Preliminares de Análises em Sedimentos de Corrente de Arroio em Caçapava do Sul -RS	8° Salão Internacional de Ensino, Pesquisa e Extensão, 2016, Uruguaiana. Anais do 8° Salão Internacional de Ensino, Pesquisa e Extensão	CEOLIN, A. C. G. ; OLIVEIRA, J. G. ; Gomes, C.H		
resumoExpandidoEmCongresso	Cristiane Heredia Gomes	2016	Avaliação Química do Arroio Sertão da Mata no Município de Mata-RS	8° Salão Internacional de Ensino, Pesquisa e Extensão, 2016, Uruguaiana. Anais do 8° Salão Internacional de Ensino, Pesquisa e Extensão	RODRIGUES, R. C. ; Gomes, C.H		
resumoExpandidoEmCongresso	Cristiane Heredia Gomes	2016	Densidade dos Meandros Abandonadosdo Rio Mamorecillo (Bolívia) no período de 1987 a 2011	8° Salão Internacional de Ensino, Pesquisa e Extensão, 2016, Uruguaiana. Anais do 8° Salão Internacional de Ensino, Pesquisa e Extensão	RAMALHO, A. G. C. ; SPERANDIO, D. G. ; Gomes, C.H		
artigoEmPeriodico	Cristiane Lenz Dalla Corte	2018	0944-1344	http://dx.doi.org/10.1007/s11356-018-2293-7	Methylmercury and diphenyl diselenide interactions in Drosophila melanogaster: effects on development, behavior, and Hg levels	Environmental Science and Pollution Research	LEÃO, MAYARA B. ; DA ROSA, PAULO C. C. ; WAGNER, Caroline ; LUGOKENSKI, THIAGO H. ; DALLA CORTE, CRISTIANE L.		
artigoEmPeriodico	Cristiane Lenz Dalla Corte	2018	1678-4162	http://dx.doi.org/10.1590/1678-4162-9790	Distribution of selenium in sheep treated with dipheny diselenide	ARQUIVO BRASILEIRO DE MEDICINA VETERINÁRIA E ZOOTECNIA (ONLINE)	LEAL, M.L.R. ; ROCHA, J.B.T. ; CORTE, C.L.D. ; AIRES, A.R. ; ROCHA, J.F.X. ; ZANATTA, R.S. ; CARPES, J.L.S. ; SZINWELSKI, G.A. ; STEFANELLO, S. ; PIVOTO, F.L.		
artigoEmPeriodico	Cristiane Lenz Dalla Corte	2017	0893-228X	http://dx.doi.org/10.1021/acs.chemrestox.6b00449	Diphenyl diselenide protects against methylmercury-induced toxicity in Saccharomyces cerevisiae via the Yap1 transcription factor	CHEMICAL RESEARCH IN TOXICOLOGY	LOVATO, FABRICIO LUÍS ; ROCHA, João B. T. ; DALLA CORTE, CRISTIANE LENZ		
artigoEmPeriodico	Cristiane Lenz Dalla Corte	2017	0024-3205	http://dx.doi.org/10.1016/j.lfs.2017.05.012	Reversal of bioenergetics dysfunction by diphenyl diselenide is critical to protection against the acetaminophen-induced acute liver failure	LIFE SCIENCES	CARVALHO, NÉLSON R. ; TASSI, CINTIA C. ; DOBRASCHINSKI, FERNANDO ; AMARAL, GUILHERME P. ; ZEMOLIN, ANA P. ; GOLOMBIESKI, RONALDO M. ; DALLA CORTE, CRISTIANE L. ; FRANCO, JEFERSON L. ; MAURIZ, JOSÉ L. ; GONZÁLEZ-GALLEGO, JAVIER ; SOARES, FÉLIX A.		
artigoEmPeriodico	Cristiane Lenz Dalla Corte	2017	0024-3205	http://dx.doi.org/10.1016/j.lfs.2017.10.039	Caffeine and acetaminophen association: Effects on mitochondrial bioenergetics	LIFE SCIENCES	GONÇALVES, DÉBORA F. ; DE CARVALHO, NELSON R. ; LEITE, MARTIM B. ; COURTES, ALINE A. ; HARTMANN, DIANE D. ; STEFANELLO, SÍLVIO T. ; DA SILVA, INGRID K. ; FRANCO, JÉFERSON L. ; SOARES, FÉLIX A.A. ; DALLA CORTE, CRISTIANE L.		
artigoEmPeriodico	Cristiane Lenz Dalla Corte	2016	0966-0844	http://dx.doi.org/10.1007/s10534-016-9936-2	Selenium and mercury levels in rat liver slices co-treated with diphenyl diselenide and methylmercury	BioMetals (Oxford)	DALLA CORTE, CRISTIANE LENZ; RAMOS, ANGÉLICA ; DOS SANTOS, CLARISSA MARQUES MOREIRA ; DRESSLER, VALDERI LUIZ ; da Rocha, João Batista Teixeira		
resumoExpandidoEmCongresso	Cristiane Lenz Dalla Corte	2017	Avaliação dos efeitos da associação dos herbicidas 2,4-D e Picloram sobre parâmetros de toxicidade em Drosophila melanogaster	9º Salão Internacional de Ensino, Pesquisa e Extensão (SIEPE), 2017, Santana do Livramento. 9º Salão Internacional de Ensino, Pesquisa e Extensão (SIEPE)	LEAO, M. B. ; DALLA CORTE, C. L. ; MIRANDA, G. M. ; MORAES, P. M.		
artigoEmPeriodico	Daniela de Rosso Tolfo	2016	2054-5703	http://dx.doi.org/10.1098/rsos.160825	Matrix basis for plane and modal waves in a Timoshenko beam	Royal Society Open Science	CLAEYSSEN, JULIO CESAR RUIZ ; TOLFO, DANIELA DE ROSSO ; TONETTO, Leticia		
artigoEmPeriodico	Elenize Rangel Nicoletti	2017	2179-6890		AS CIÊNCIAS DA NATUREZA NOS REGISTROS DE ESCOLARES DOS ANOS INICIAIS: TEMAS ABORDADOS E RECURSOS UTILIZADOS	Disciplinarum Scientia	BORGES, R. C. ; VESTENA, R. F. ; NICOLETTI, E.R.		
artigoEmPeriodico	Elenize Rangel Nicoletti	2016	2179-4588		Trabalhando o ciclo de vida através de diferentes atividades práticas	CCNExt - Revista de Extensão	NICOLETTI, E.R.; VESTENA, R. F. ; CARLAN, F. A.		
artigoEmPeriodico	Elenize Rangel Nicoletti	2016	2238-8079		Educação científica e arte na formação docente: análise de uma proposta interdisciplinar	Tear: Revista de Educação, Ciência e Tecnologia	VESTENA, R. F. ; HIRATA, E. ; NICOLETTI, E.R.		
artigoEmPeriodico	Elenize Rangel Nicoletti	2016	1982-1067		Alfabetização científica na EJA: análise da implementação de uma ilha interdisciplinar de racionalidade	Revista de Ensino de Biologia da Associação Brasileira de Ensino de Biologia (SBENBio)	NICOLETTI, E.R.; VESTENA, R. F. ; SEPEL, L. M. N.		
artigoEmPeriodico	Elenize Rangel Nicoletti	2016	1982-1067		O meio ambiente nos anos iniciais: investigando a abordagem da temática a partir dos recursos utilizados em aulas	Revista de Ensino de Biologia da Associação Brasileira de Ensino de Biologia (SBENBio)	VESTENA, R. F. ; NICOLETTI, E.R.		
artigoEmPeriodico	Elenize Rangel Nicoletti	2016	2178-7727		Contextualização e interdisciplinaridade nas provas do Enem: analisando as questões sobre vírus	Revista Acta Scientiae	NICOLETTI, E. R.; SEPEL, L. M. N.		
artigoEmPeriodico	Jaqueline Pinto Vargas	2018	1029-0389	http://dx.doi.org/10.1080/00958972.2018.1441404	Syntheses and crystal structures of organoindium(III) 1-D coordination polymers with bis(diphenylphosphino)alkane dioxides	Journal of Coordination Chemistry	PEPPE, CLOVIS ; MELLO, MELINA DE AZEVEDO ; MARTINS, FELIPE TERRA ; VARGAS, JAQUELINE PINTO ; WOUTERS, FELIPE CHRISTOFF ; BURROW, ROBERT ALAN ; CANGUSSU, DANIELLE ; DAS CHAGAS, RAFAEL PAVÃO		
artigoEmPeriodico	Jaqueline Pinto Vargas	2017	0033-3158	http://dx.doi.org/10.1007/s00213-016-4505-5	Modulation of PKA, PKC, CAMKII, ERK 1/2 pathways is involved in the acute antidepressant-like effect of (octylseleno)-xylofuranoside (OSX) in mice	PSYCHOPHARMACOLOGY	PINTO BROD, LUCIMAR M. ; FRONZA, MARIANA G. ; VARGAS, JAQUELINE PINTO ; LÜDTKE, DIOGO S. ; BRÜNING, CÉSAR AUGUSTO ; SAVEGNAGO, LUCIELLI		
artigoEmPeriodico	Jaqueline Pinto Vargas	2017	1420-3049	http://dx.doi.org/10.3390/molecules22060953	Atom Efficient Preparation of Zinc Selenates for the Synthesis of Selenol Esters under -On Water- Conditions	MOLECULES	SANCINETO, LUCA ; PINTO VARGAS, JAQUELINE ; MONTI, BONIFACIO ; ARCA, MASSIMILIANO ; LIPPOLIS, VITO ; PERIN, GELSON ; LENARDAO, EDER ; SANTI, CLAUDIO		
artigoEmPeriodico	Jaqueline Pinto Vargas	2016	2090-9063	http://dx.doi.org/10.1155/2016/2849140	Reaction of Acyl Chlorides with Formed Zinc Selenolates: Synthesis of Selenoesters Ring-Opening Reaction of Tetrahydrofuran	Journal of Chemistry	Gemma Bellino ; SCISCIANI, M. ; VARGAS, J. P. ; SANCINETO, L. ; BAGNOLI, L. ; MARINI, F. ; LERNARDAO, E. ; LÜDTKE, DIOGO S. ; SANTI, C.		
artigoEmPeriodico	Josiane Marques da Silva	2016	1809-1636		ENSINO MÉDIO POLITÉCNICO: DISCUSSÕES A PARTIR DE REVISÃO DE LITERATURA	Vivências (URI. Erechim)	SILVA, J. M.; Hunsche, S ; LUDKE, E.		
artigoEmPeriodico	Josiane Marques da Silva	2016	2179-4588		Aplicação da perspectiva de abordagem temática na iniciação à docência	CCNExt - Revista de Extensão	SILVA, J. M.; Halmenschlage, K. R ; Wagner. C		
trabalhoCompletoEmCongresso	Josiane Marques da Silva	2017		Reflexões sobre as Contribuições do Enfoque Ciência Tecnologia Sociedade como balizador de propostas nos Seminários Integrados	XI Encontro Nacional de Pesquisa em Ensino de Ciências	SILVA, J. M.; LUDKE, E.		
trabalhoCompletoEmCongresso	Josiane Marques da Silva	2017		Abordagem de Temas em Componentes Curriculares: Revisão Bibliográfica na Educação em Ciências	XI Encontro Nacional de Pesquisa em Ensino de Ciências	HUNSCHE, S. ; SILVA, E. A ; HIRATA, J. M ; SILVA, J. M. ; ROSA, T. D.		
trabalhoCompletoEmCongresso	Josiane Marques da Silva	2017		ESTÁGIO DE MONITORIA EM AULAS DE QUÍMICA COMO UM ESPAÇO DE FORMAÇÃO CONTINUADA	37º Encontro de Debates sobre o Ensino de Química	MACHADO, A. V. ; SILVA, J. M.		
trabalhoCompletoEmCongresso	Josiane Marques da Silva	2017		ATIVIDADES EXPERIMENTAIS NO ENSINO DE QUÍMICA: A UTILIZAÇÃO DO LABORATÓRIO DE QUÍMICA DURANTE O ESTÁGIO DE MONITORIA	37º Encontro de Debates sobre o Ensino de Química	FERREIRA, M. V. S. ; SILVA, J. M.		
trabalhoCompletoEmCongresso	Josiane Marques da Silva	2017		PROBLEMATIZANDO A CONSTRUÇÃO DE MÓDULOS DIDÁTICOS NA FORMAÇÃO INICIAL DE PROFESSORES	37º Encontro de Debates sobre o Ensino de Química	BRASIL, A. S ; SIQUEIRA, V. F. ; SILVA, J. M.		
resumoExpandidoEmCongresso	Josiane Marques da Silva	2016	ABORDAGEM DE TEMAS NA FORMAÇÃO INICIAL DE PROFESSORES: DISCUSSÕES A PARTIR DE REVISÃO DE LITERATURA	Salão Internacional de Ensino, Pesquisa e Extensão, 2016, Uruguaiana. Anais do Salão Internacional de Ensino, Pesquisa e Extensão	ROSA, T. D. ; SILVA, J. M. ; HUNSCHE, S.		
artigoEmPeriodico	Julio Cesar Mendes Soares	2016	1553-3468		Oxidative Status of Boar Semen during Storage	American Journal of Biochemistry and Biotechnology	BONDAN, Carlos ; Zanella R ; Zanella E L ; POETINI, M. R. ; M Groke Marques ; Soares, J.C.M.		
artigoEmPeriodico	Lucilene Dornelles Mello	2017	0975-1491	http://dx.doi.org/10.22159/ijpps.2017v9i8.19270	INFLUENCE OF PERMANGANATE INDEX IN THE PARAMETERS AS TOTAL PHENOL CONTENT AND TOTAL ANTIOXIDANT ACTIVITY OF EXTRACTS OF CAMELLIA SINENSIS	INTERNATIONAL JOURNAL OF PHARMACY AND PHARMACEUTICAL SCIENCES	MELLO, Lucilene Dornelles; TUNES, Tiele Garcia		
resumoExpandidoEmCongresso	Lucilene Dornelles Mello	2018	Olivais de Caçapava do Sul como Espaços Não Formais de Aprendizagem em Geociências	10º Salão Internacional de Pesquisa, Ensino e Extensão (SIEPE, UNIPAMPA), 2018, Riveira (Uruguai). Anais do 10º SIEPE - UNIPAMPA	SOARES, Dimitri Tallemberg ; GALHARDI, Clarice ; MELLO, Lucilene Dornelles		
resumoExpandidoEmCongresso	Lucilene Dornelles Mello	2018	Caracterização Geológica dos Olivais da Região de Caçapava do Sul: Estudo Preliminar	10º Salão Internacional de Pesquisa, Ensino e Extensão (SIEPE, UNIPAMPA), 2018, Riveira (Uruguai). Anais do 10º SIEPE - UNIPAMPA	GALHARDI, Clarice ; SOARES, Dimitri Tallemberg ; MELLO, Lucilene Dornelles		
artigoEmPeriodico	Mara Elisangela Jappe Goi	2018	2358-8195	http://dx.doi.org/10.15210/EE.V23I1.12564	Percepção Ambiental da Educação Básica das Águas Próximas a Atividades Mineradoras em Caçapava do Sul, RS	EXPRESSA EXTENSÃO	Shimidt, Anelise Marlene ; SILVA, A. L. S. ; GOI, M. E. J.		
artigoEmPeriodico	Mara Elisangela Jappe Goi	2018	2447-0783		METODOLOGIA DE RESOLUÇÃO DE PROBLEMAS: uma revisão de literatura	RECEI	MEDEIROS, D. R. ; GOI, M. E. J.		
artigoEmPeriodico	Mara Elisangela Jappe Goi	2018	1982-7687	http://dx.doi.org/10.14393/REE-v17n12018-art02	Impressões dos professores em formação continuada sobre Resolução de Problemas na Educação Básica	REVISTA EM EXTENSÃO (ONLINE)	GOI, MARA		
artigoEmPeriodico	Mara Elisangela Jappe Goi	2018	1984-4271	http://dx.doi.org/10.11602/1984-4271.2018.11.3.5	REVISÃO DE LITERATURA SOBRE FORMAÇÃO DE PROFESSORES EM CIÊNCIAS DA NATUREZA	REVISTA CIÊNCIA & DESENVOLVIMENTO	BORGES, PATRICIA ; GOI, MARA		
artigoEmPeriodico	Mara Elisangela Jappe Goi	2018	1984-4271		REFLEXÃO DA PLURALIDADE DA PRÁTICA DOCENTE NO ESTÁGIO DE OBSERVAÇÃO A PARTIR DE EIXOS TEMÁTICOS	REVISTA CIÊNCIA & DESENVOLVIMENTO	FREITAS, N. F. L. ; GOI, M. E. J.		
artigoEmPeriodico	Mara Elisangela Jappe Goi	2017	2447-6099		Análise de Eixos Educacionais na Educação Básica	REVISTA DEBATES EM ENSINO DE QUÍMICA	MACHADO, A. V. ; GOI, M. E. J.		
artigoEmPeriodico	Mara Elisangela Jappe Goi	2017	1982-2413		Formação de professores de ciências: Formação para o uso de situações-problema	EXPERIÊNCIAS EM ENSINO DE CIÊNCIAS (UFRGS)	GOI, M. E. J.; SANTOS, F. M. T.		
artigoEmPeriodico	Mara Elisangela Jappe Goi	2016	2238-7315		FORMAÇÃO CONTINUADA DE PROFESSORES DE CIÊNCIAS: ELABORAÇÃO DE SITUAÇÕES- PROBLEMA,	Revista Conexão UEPG	GOI, M. E. J.; SANTOS, F. M. T.		
artigoEmPeriodico	Mara Elisangela Jappe Goi	2016	1982-2413		Abordagem da História da Química na Educação Básica	Experiências em Ensino de Ciências (UFRGS)	MACHADO, S. F. R. ; GOI, M. E. J. ; WAGNER, C.		
trabalhoCompletoEmCongresso	Mara Elisangela Jappe Goi	2018		Experiência com jogos matemáticos no Estágio supervisionado	VI Eimat-4º Encontro Nacional PIBID Matemática-XIII EGEM	SILVA, M. F. S. ; GOI, MARA		
trabalhoCompletoEmCongresso	Mara Elisangela Jappe Goi	2018		Estágio docente possibilitando o uso de metodologias alternativas de ensino	VI EIEMAT- 4º Encontro Nacional PIBID Matemática- XIII EGEM	SILVA, I. P. ; GOI, MARA		
trabalhoCompletoEmCongresso	Mara Elisangela Jappe Goi	2018		Formação Inicial de professores na área de Ciências da Natureza: produção de situações-problema	38 EDEQ	GOI, M. E. J		
trabalhoCompletoEmCongresso	Mara Elisangela Jappe Goi	2018		A Resolução de Problemas como alternativa possível ao ensino e a aprendizagem no Ensino de Ciências	38 EDEQ	FREITAS, N. F. L. ; GOI, M. E. J.		
trabalhoCompletoEmCongresso	Mara Elisangela Jappe Goi	2018		Estágio de Regência: impacto entre a teoria e a prática	38 EDEQ	BORGES, P. B. P ; GOI, M. E. J.		
trabalhoCompletoEmCongresso	Mara Elisangela Jappe Goi	2018		A aprendizagem baseada na Resolução de Problemas no Ensino de ciências	38 EDEQ	OLIVEIRA, F. I. M. ; OSÓRIO, M. C. O. ; GOI, M. E. J.		
trabalhoCompletoEmCongresso	Mara Elisangela Jappe Goi	2018		Resolução de Problemas e Experimentação Investigativa no Ensino de Química na Educação Básica	38 EDEQ	GONCALVES, R. P. N. ; MEDEIROS, D. R. ; GOI, M. E. J.		
trabalhoCompletoEmCongresso	Mara Elisangela Jappe Goi	2018		Experimentação investigativa no Ensino de Química	38 EDEQ	MEDEIROS, D. R. ; FERREIRA, M. V. S. ; GONCALVES, R. P. N. ; GOI, M. E. J.		
trabalhoCompletoEmCongresso	Mara Elisangela Jappe Goi	2017		Resolução de Problemas: análise em livros didáticos de Ciências da Natureza	XI ENPEC	MACHADO, D. S. ; MACHADO, A. C. P. ; LEAL, P. F. L. ; OLIVEIRA, F. I. M. ; GOI, M. E. J. ; ELLENSOHN, R. M.		
trabalhoCompletoEmCongresso	Mara Elisangela Jappe Goi	2017		Análise do livro didático: Resolução de Problemas em Livros de Química do Ensino Médio	XI ENPEC	FERREIRA, M. V. ; MEDEIROS, D. R. ; SANTOS, R. M. ; JESUS, L. C. ; GOI, M. E. J. ; ELLENSOHN, R. M.		
trabalhoCompletoEmCongresso	Mara Elisangela Jappe Goi	2017		Experimentação e Jogos Lúdicos na Formação continuada de professores de Ciências da Natureza	XI ENPEC	GOI, M. E. J.; ELLENSOHN, R. M.		
trabalhoCompletoEmCongresso	Mara Elisangela Jappe Goi	2017		Formação continuada de Professores: uma revisão de literatura em trabalhos publicados de 2005 a 2015	XI ENPEC	BORGES, P. B. P ; GOI, M. E. J.		
trabalhoCompletoEmCongresso	Mara Elisangela Jappe Goi	2016		Revisão bibliográfica de Experimentação e Metodologia de Resolução de Problemas	Encontro Nacional de Ensino de Química	SANTOS, R. M.S. ; SILVA, E. R. A. ; GARSKE, V. ; JESUS, L. C. ; LEAL, P. F. L. ; VIVIAN, M. F. ; PEDROSO, C. A. P. ; MEDEIROS, D. R. ; GOI, M. E. J. ; ELLENSOHN, R. M.		
trabalhoCompletoEmCongresso	Mara Elisangela Jappe Goi	2016		Formação de Professores: desenvolvimento da metodologia de resolução de problemas na Educação Báscia	XVIII ENEQ- Encontro Nacional de Ensino de Química	GOI, M. E. J.; SANTOS, F. M. T. ; PASSOS, C. G.		
trabalhoCompletoEmCongresso	Mara Elisangela Jappe Goi	2016		A utilização de Mapas Conceituais como estratégia de auxílio aos processos de ensino e aprendizagem	XVIII Encontro Nacional de Ensino de Química - XVIII ENEQ	SILVA, E. R. A. ; JESUS, L. C. ; MACHADO, A. V. ; SILVA, A. L. S. ; GOI, M. E. J. ; ELLENSOHN, R. M.		
trabalhoCompletoEmCongresso	Mara Elisangela Jappe Goi	2016		Revisão de literatura sobre a implementação de Jogos didáticos na Educação Básica	36º EDEQ- Encontro de debates sobre o Ensino de Química	TEIXEIRA, I. ; TRINDADE, S. S. ; SIQUEIRA, V. F. ; MIRAPALHETE, C. ; SANTOS, D. N. ; GOI, M. E. J. ; ELLENSOHN, R. M.		
trabalhoCompletoEmCongresso	Mara Elisangela Jappe Goi	2016		Estágio de Obervação e Intervenção: Compreendendo o Espaço Educacional no Programa Escola Aberta	36º EDEQ- Encontro de debates sobre o Ensino de Química	BRASIL, A. S. ; SIQUEIRA, V. F. ; GOI, M. E. J.		
trabalhoCompletoEmCongresso	Mara Elisangela Jappe Goi	2016		Ensino de Ciências: Produção de situações-problema	36º EDEQ	GOI, M. E. J		
trabalhoCompletoEmCongresso	Mara Elisangela Jappe Goi	2016		Implementação de Atividade Experimental na Educação Básica	36º EDEQ	SIQUEIRA, V. F. ; SANTOS, D. N. ; MACHADO, D. S. ; FERREIRA, M. V. ; SILVA, I. T. ; TRINDADE, S. S. ; MIRAPALHETE, C. ; GOI, M. E. J. ; ELLENSOHN, R. M.		
trabalhoCompletoEmCongresso	Mara Elisangela Jappe Goi	2016		Análise de Eixos Educacionais a partir da observação das aulas na Educação Básica	36º EDEQ	MACHADO, A. V. ; GOI, M. E. J.		
trabalhoCompletoEmCongresso	Mara Elisangela Jappe Goi	2016		FORMAÇÃO CONTINUADA DE PROFESSORES DE CIÊNCIAS DA NATUREZA: EXPERIMENTAÇÃO NO CONTEXTO DE PROJETO DE EXTENSÃO	XIV Encontro sobre Investigação na Escola 'Educar para democracia e a justiça social'	HIRATA, J. M. ; GOI, M. E. J. ; HUNSCHE, S. ; ELLENSOHN, R. M.		
trabalhoCompletoEmCongresso	Mara Elisangela Jappe Goi	2016		CONTRIBUIÇÕES DO PIBID PARA REALIZAÇÃO DE AULAS EXPERIMENTAIS NA DISCIPLINA DE QUÍMICA: RELATO DE UMA PRÁTICA EM SALA DE AULA	XIV Encontro sobre Investigação na Escola 'Educar para democracia e a justiça social'	SILVA, E. R. A. ; VIVIAN, M. F. ; LEAL, P. F. L. ; MEDEIROS, D. R. ; MACHADO, D. S. ; GOI, M. E. J. ; ELLENSOHN, R. M.		
trabalhoCompletoEmCongresso	Mara Elisangela Jappe Goi	2016		A metodologia de Resolução de Problemas como estratégia para o estágio supervisionado em Química: potencialidades e reflexões	Encontro de Debates de Ensino de Química	SILVA, E. R. A. ; GOI, M. E. J.		
resumoExpandidoEmCongresso	Mara Elisangela Jappe Goi	2018	Articulação entre a metodologia de Resolução de Problemas e a Experimentação Investigativa no Ensino de Química	10 SIEPE, 2018, Santana do Livramento. 10 Siepe	GONCALVES, R. P. N. ; GOI, M. E. J.		
resumoExpandidoEmCongresso	Mara Elisangela Jappe Goi	2018	Reflexão sobre as ações pedagógicas e metodológicas durante estágio supervisionado de cotidiano da escola: RegÊncia I	10 SIEPE, 2018, Santana do Livramento. 10 SIEPE	FERREIRA, M. V. S. ; GOI, M. E. J.		
resumoExpandidoEmCongresso	Mara Elisangela Jappe Goi	2018	Estágio de Observação: uma breve análise sobre alguns eixos da prática pedagógica e suas relevâncias	10 Siepe, 2018, Santana do Livramento. 10 Siepe	AFONSO, L. F. M. ; GOI, M. E. J. ; PENHA, J. T.		
resumoExpandidoEmCongresso	Mara Elisangela Jappe Goi	2018	Estágio de Regência: Reflexões frente ao desenvolvimento das aulas	10 SIEPE, 2018, Santana do Livramento. 10 SIEPE	BRASIL, A. S. ; GOI, M. E. J. ; SILVA, I. T. ; SIQUEIRA, V. F.		
resumoExpandidoEmCongresso	Mara Elisangela Jappe Goi	2017	Metodologias alternativas de ensino como proposta pedagógica para estágio supervisionado em Química	I Encontro Regional de Ensino de Ciências, 2017, Santa Maria. I Encontro Regional de Ensino de Ciências	MEDEIROS, D. R. ; SILVA, E. R. A. ; GOI, M. E. J.		
resumoExpandidoEmCongresso	Mara Elisangela Jappe Goi	2017	O uso da experimentação investigativa no Ensino de Química na Educação Básica	9 Siepe- Salão Internacional de Ensino, Pesquisa e Extensao, 2017, Santana do Livramento. 9 Siepe	GONCALVES, R. P. N. ; MEDEIROS, D. R. ; GOI, M. E. J.		
resumoExpandidoEmCongresso	Mara Elisangela Jappe Goi	2017	Sequência Didática baseada em atividades experimentais investigativas:abordagem sobre misturas e processos de separação	9 Siepe- Salão Internacional de Ensino, Pesquisa e Extensão., 2017, Santana do Livramento. 9 Siepe	MEDEIROS, D. R. ; FERREIRA, M. V. ; GOI, M. E. J. ; ELLENSOHN, R. M. ; GONCALVES, R. P. N. ; SILVA, E. R. A.		
resumoExpandidoEmCongresso	Mara Elisangela Jappe Goi	2017	Reflexões sobre a prática docente	9 Siepe- Salão Internacional de Ensino, Pesquisa e Extensão., 2017, santana do Livramento. 9 SIEPE	SILVA, I. P. ; GOI, M. E. J.		
resumoExpandidoEmCongresso	Mara Elisangela Jappe Goi	2017	Experimentos investigativos da Educação Básica: Reações químicas	9 Siepe- Salão Internacional de Ensino, Pesquisa e Extensão., 2017, Santana do Livramento. 9 SIEPE	JESUS, L. C. ; GOI, M. E. J. ; MEDEIROS, D. R. ; FERREIRA, M. V. ; LUIS, P. F. ; FERREIRA, C.		
resumoExpandidoEmCongresso	Mara Elisangela Jappe Goi	2017	O Estágio na formação docente	9 Siepe- Salão Internacional de Ensino, Pesquisa e Extensão., 2017, Santana do Livramento. 9 SIEPE	SANTOS, R. M.S. ; GOI, M. E. J.		
resumoExpandidoEmCongresso	Mara Elisangela Jappe Goi	2017	Formação continuada de professores: um estudo em coordenadorias regionais de Eduação do RS	9 Siepe- Salão Internacional de Ensino, Pesquisa e Extensão., 2017, Santana do Livramento. 9 SIEPE	MENEZES, P. D. ; GOI, M. E. J. ; SILVA, E. R. A. ; VIVIAN, M. F. ; BORGES, P. B. P		
resumoExpandidoEmCongresso	Mara Elisangela Jappe Goi	2017	UTILIZAÇÃO DE JOGOS DIDÁTICOS EM QUÍMICA PARA ABORDAGEM DO CONTEÚDO DE TABELA PERIÓDICA	II ENLICSUL, 2017, São Leopoldo. II ENLICSUL	TRINDADE, S. S. ; SILVA, E. R. A. ; MEDEIROS, D. R. ; SIQUEIRA, V. F. ; SILVA, I. T. ; GOI, M. E. J. ; ELLENSOHN, R. M.		
resumoExpandidoEmCongresso	Mara Elisangela Jappe Goi	2016	Prova Brasil: Aspectos da aprendizagem Matemática de Caçapava do sul que apresentam lacunas	8º Siepe, 2016, Uruguaiana. 8º Siepe- Inove, Transforme , Renove o Mundo	TRINDADE, S. S. ; GOI, M. E. J.		
resumoExpandidoEmCongresso	Mara Elisangela Jappe Goi	2016	PIBID: Conhecendo a Tabela Periódica através de sua confecção	8º SIEPE, 2016, Uruguaiana. 8º SIEPE- Inove, transforme renove o mundo	MACHADO, A. C. P. ; MACHADO, D. S. ; GOI, M. E. J.		
resumoExpandidoEmCongresso	Mara Elisangela Jappe Goi	2016	Diagnóstico e considerações sobre a prática docente escolar	8º SIEPE- Inove, transforme, renove o Mundo, 2016, Uruguaiana. 8º SIEPE-Inove, transforme, renove o Mundo	BORGES, P. B. P ; GOI, M. E. J.		
resumoExpandidoEmCongresso	Mara Elisangela Jappe Goi	2016	Análise da formação docente e prática pedagógica a partir da observação das aulas na Educação Básica	8º Siepe, 2016, Uruguaiana. 8º SIEPE- Inove, transforme, renove o mundo	MACHADO, A. V. ; GOI, M. E. J.		
resumoExpandidoEmCongresso	Mara Elisangela Jappe Goi	2016	Estágio de Observação e Intervenção: Uma experiência de prática docente no Programa Escola Aberta	8º SIEPE, 2016, Uruguaiana. 8º SIEPE- Inove, transforme, renove o mundo	SIQUEIRA, V. F. ; GOI, M. E. J. ; TRINDADE, S. S. ; BRASIL, A. S.		
resumoExpandidoEmCongresso	Mara Elisangela Jappe Goi	2016	Experimentação no Ensino de Ciências em um projeto de Extensão Universitária	8º SIEPE, 2016, Uruguaiana. 8º SIEPE- Inove, Transforme, Renove o Mundo	HIRATA, J. M. ; GOI, M. E. J. ; ELLENSOHN, R. M. ; HUNSCHE, S.		
resumoExpandidoEmCongresso	Mara Elisangela Jappe Goi	2016	Conexões universidade-escola: uma proposta para a Formação de professores em ciências Exatas	VI Encontro Nacional das Licenciaturas (ENALIC) V Seminário Nacional do PIBID IV Encontro Nacional de coordenadores do PIBID X Seminário Institucional PIBID/PUCPR, 2016, Curitiba. Anais do Encontro Nacional das Licenciaturas (ENALIC), Seminário Nacional do PIBID, Encontro Nacional de Coordenadores do PIBID	GOI, M. E. J.; SILVA, A. L. S. ; HARTMANN, A. M. ; FERREIRA, M. ; MARTINS, M. A. R. ; HUNSCHE, S.		
artigoEmPeriodico	Marcio Andre Rodrigues Martins	2016	1984-5677		Por um modo de pesquisar-formar na Educação em projetos de cooperação internacional	Interfaces Brasil/Canadá	AXT, Margarete ; MARTINS, M. A. R. ; SINGO, F. F.		
resumoExpandidoEmCongresso	Marcio Andre Rodrigues Martins	2016	CONEXÕES UNIVERSIDADE-ESCOLA: DESAFIOS DE UMA LICENCIATURA EM CIÊNCIAS EXATAS	Encontro Nacional das Licenciaturas (ENALIC), Seminário Nacional do PIBID, Encontro Nacional de Coordenadores do PIBID, 2016, Cruritiba. Anais do Encontro Nacional das Licenciaturas (ENALIC), Seminário Nacional do PIBID, Encontro Nacional de Coordenadores do PIBID. Curitiba: UNIOESTE	GOI, M. E. J. ; SILVA, A. L. S. ; HARTMANN, A. M. ; MARTINS, M. A. R. ; FERREIRA, M. ; HUNSCHE, S.		
trabalhoCompletoEmCongresso	Maria Arlita da Silveira Soares	2017		Diferentes Interpretações do Número Racional: Uma Análise de Livros Didáticos	VII CONGRESSO INTERNACIONAL DE ENSINO DE MATEMÁTICA	STIVANIN, V. P. ; SOARES, M. A. S. ; ROMIO, L. C.		
trabalhoCompletoEmCongresso	Maria Arlita da Silveira Soares	2017		O CONCEITO DE SEQUÊNCIAS NUMÉRICAS: ANÁLISE DE UM LIVRO DO ENSINO SUPERIOR	VII CONGRESSO INTERNACIONAL DE ENSINO DE MATEMÁTICA	TRINDADE, D. S. ; SOARES, M. A. S.		
trabalhoCompletoEmCongresso	Maria Arlita da Silveira Soares	2017		MAPEAMENTO DE PESQUISAS A CERCA DO PENSAMENTO ALGÉBRICO E UTILIZAÇÃO DE SOFTWARES	VII CONGRESSO INTERNACIONAL DE ENSINO DE MATEMÁTICA	SOBRINHO, A. ; SOARES, M. A. S.		
trabalhoCompletoEmCongresso	Maria Arlita da Silveira Soares	2017		Transformações das Propostas Curriculares em planejamento do professor no processo de Ensino de Matemática	9º SIEPE Salão Interncaional de Ensino	TRINDADE, S. S. ; SOARES, M. A. S.		
trabalhoCompletoEmCongresso	Maria Arlita da Silveira Soares	2016		A ABORDAGEM DO CONCEITO DE SEQUÊNCIA EM UMA COLEÇÃO DE LIVROS DIDÁTICOS DO ENSINO MÉDIO	VI Jornada Nacional de Educação Matemática	SILVA, A. L. ; SOARES, M. A. S. ; Nehring, C. M.		
trabalhoCompletoEmCongresso	Maria Arlita da Silveira Soares	2016		DIMENSÃO ESTRUTURAL DA ÁLGEBRA: ANÁLISE DE UMA COLEÇÃO DE LIVROS DIDÁTICOS E AS POTENCIALIDADES DO ALGEPLAN	VI Jornada Nacional de Educação Matemática	CERETA, A. S. ; SILVA, A. L. ; DICETTI, T. S. ; SOARES, M. A. S.		
trabalhoCompletoEmCongresso	Maria Arlita da Silveira Soares	2016		EQUAÇÃO DA CIRCUNFERÊNCIA: ANÁLISE DE COLEÇÕES DE LIVROS DIDÁTICOS DO ENSINO MÉDIO	VI Jornada Nacional de Educação Matemática	FERNER, D. L. ; STIVANIN, V. P. ; SOARES, M. A. S.		
trabalhoCompletoEmCongresso	Maria Arlita da Silveira Soares	2016		Geometria Espacial: Mapeamento das Produções Brasileiras Relacionadas ao Pensamento Geométrico	VI Jornada Nacional de Educação Matemática	FERNER, D. L. ; SOARES, M. A. S. ; ROMIO, L. C.		
trabalhoCompletoEmCongresso	Maria Arlita da Silveira Soares	2016		Mapeamento em Periódicos Brasileiros do Conceito de Sequência Numérica	VI Jornada Nacional de Educação Matemática	TRINDADE, D. S. ; SILVA, A. L. ; SOARES, M. A. S. ; Nehring, C. M.		
trabalhoCompletoEmCongresso	Maria Arlita da Silveira Soares	2016		NÚMEROS RACIONAIS: UM MAPEAMENTO EM REVISTAS E LETRÔNICAS DE EDUCAÇÃO MAT E MÁTICA	VI Jornada Nacional de Educação Matemática	STIVANIN, V. P. ; SOARES, M. A. S. ; ROMIO, L. C.		
trabalhoCompletoEmCongresso	Maria Arlita da Silveira Soares	2016		O CONCEITO DE FUNÇÃO EXPONENCIAL E LOGARÍTMICA NAS PESQUISAS EM EDUCAÇÃO MATEMÁTICA : UM OLHAR PARA O ENSINO MÉDIO REGULAR	VI Jornada Nacional de Educação Matemática	SILVA, J. G. ; MINHOS, M. R. ; SOARES, M. A. S. ; ROMIO, L. C.		
trabalhoCompletoEmCongresso	Maria Arlita da Silveira Soares	2016		UMA ANÁLISE DOS PENSAMENTOS MATEMÁTICOS NAS PROPOSTAS CURRICULARES NACIONAIS	VI Jornada Nacional de Educação Matemática	SANTOS, G. N. ; SOARES, M. A. S.		
trabalhoCompletoEmCongresso	Maria Arlita da Silveira Soares	2016		ABORDAGEM DO CONCEITO DE SEQUÊNCIAS EM DUAS COLEÇÕES DE LIVROS DIDÁTICOS DO ENSINO MÉDIO	ENEM - Encontro Nacional de Educação Matemática	TRINDADE, D. S. ; SILVA, A. L. ; SOARES, M. A. S. ; Nehring, C. M.		
trabalhoCompletoEmCongresso	Maria Arlita da Silveira Soares	2016		GEOMETRIA ESPACIAL: ANÁLISE DE UMA COLEÇÃO DE LIVROS DIDÁTICOS DO ENSINO MÉDIO	ENEM - Encontro Nacional de Educação Matemática	FERNER, D. L. ; ROMIO, L. C. ; SOARES, M. A. S. ; MARIANI, R. C. P.		
trabalhoCompletoEmCongresso	Maria Arlita da Silveira Soares	2016		PENSAMENTO ALGÉBRICO E PADRÃO : EXPLICITAÇÃO DE ENTENDIMENTOS A PARTIR DE PERIÓ DICOS DE EDUCAÇÃO MATEMÁTICA	ENEM - Encontro Nacional de Educação Matemática	SILVA, A. L. ; SOARES, M. A. S. ; Nehring, C. M.		
trabalhoCompletoEmCongresso	Maria Arlita da Silveira Soares	2016		Análise de algumas Concepções da Álgebra na Base Nacional Comum Curricular	V Escola de Inverno de Educação MatemáticaUFSM	SANTOS, G. N. ; SOARES, M. A. S.		
trabalhoCompletoEmCongresso	Maria Arlita da Silveira Soares	2016		Combinação: Análise de uma Coleção de Livros Didáticos sob a Ótica dos Campos Conceituais	V Escola de Inverno de Educação MatemáticaUFSM	CERETA, A. S. ; DICETTI, T. S. ; SOARES, M. A. S.		
trabalhoCompletoEmCongresso	Maria Arlita da Silveira Soares	2016		Campos Conceituais e Livro Didático: Análise sobre a Representação Retangular	V Escola de Inverno de Educação MatemáticaUFSM	DICETTI, T. S. ; CERETA, A. S. ; SOARES, M. A. S.		
trabalhoCompletoEmCongresso	Maria Arlita da Silveira Soares	2016		Estudo do Conceito de Sequência em uma Coleção de Livros Didáticos do Ensino Médio por meio das Investigações Matemáticas	V Escola de Inverno de Educação MatemáticaUFSM	SILVA, A. L. ; SOARES, M. A. S.		
trabalhoCompletoEmCongresso	Maria Lucia Pozzatti Flores	2018		Recursos tecnológicos para a docência no século XXI: lousa digital	CIET:EnPED:2018	FLÔRES, M. L. P.; MUSSOI, E.M. ; FALKEMBACH, Gilse Antoninha Morgental		
trabalhoCompletoEmCongresso	Maria Lucia Pozzatti Flores	2018		Recursos tecnológicos para a docência no século XXI: lousa digital	CIET:EnPED 2018	FLÔRES, M. L. P.; MUSSOI, E.M. ; FALKEMBACH, Gilse Antoninha Morgental		
trabalhoCompletoEmCongresso	Maria Lucia Pozzatti Flores	2016		Realidade aumentada: possibilidades desta tecnologia	Congreso Internacional sobre Aplicación de Tecnologías de la In-formación y Comunicaciones Avanzadas (ATICA2016)	MUSSOI, E.M. ; MOREIRA, J. ; FALKEMBACH, Gilse Antoninha Morgental ; FLÔRES, M. L. P.		
resumoExpandidoEmCongresso	Maria Lucia Pozzatti Flores	2016	Utilização das TIC nas diferentes ações do projeto Novos Talentos em Caçapava do Sul	VII SIEPE, 2016, Bagé. Anais do VII SIEPE. Bagé RS	FLÔRES, M. L. P.; Barbosa, A. N.		
trabalhoCompletoEmCongresso	Paulo Henrique dos Santos Sartori	2017		UTILIZANDO OS TRÊS MOMENTOS PEDAGÓGICOS PARA TRABALHAR COM TEMA CONCEITUAL: DROGAS, E SE EU USAR?	I Encontro Regional de Ensino de Ciências	SOUZA, L. S. ; SARTORI, P. H. S.		
artigoEmPeriodico	Rafhael Brum Werlang	2018	1982-873X		Geoilhas: o desenvolvimento de um modelo de MOOC voltado para a formação continuada de professores de ciências na educação básica	REVISTA BRASILEIRA DE ENSINO DE CIÊNCIA E TECNOLOGIA	Werlang, R. B.; PINO, J. C.		
resumoExpandidoEmCongresso	Rafhael Brum Werlang	2017	Ensino de Física em comunidades rurais	VII Encontro Estadual de Ensino de Física - RS, 2017, Porto Alegre. Atas do VII Encontro Estadual de Ensino de Física [recurso eletrônico]	MACHADO, F. O. ; Hartmann, A. M. ; Werlang, R. B. ; Schumacker, L. P. B ; Souza, L. S.		
resumoExpandidoEmCongresso	Reginaldo Fabiano da Silva Afonso	2016	COMPARAÇÃO ENTRE MÉTODOS DE ESTIMATIVAR ÁREA FOLIAR COM SCILAB E QUANT APLICADOS AO LIMOEIRO-CRAVO	8° Siepe, 2016, Uruguaiana. Salão de Pós-Graduação - Oral	AFONSO, R. F. S.; MARTINS, F. L. I. ; SANTOS, E. A. ; MACHADO, M. R. R. ; MAGANO, D. A.		
resumoExpandidoEmCongresso	Reginaldo Fabiano da Silva Afonso	2016	USO DE MÉTODOS INTERATIVOS PARA ESTIMATIVA DE SOLUÇÕES DE SISTEMAS LINEÁRES COM O SOFTWARE SCILAB	8° Siepe, 2016, Uruguaiana. Salão de Ensino - Oral	SOARES, D. M. ; AFONSO, R. F. S. ; ESTEVES, T. ; MARTINS, F. L. I.		
resumoExpandidoEmCongresso	Reginaldo Fabiano da Silva Afonso	2016	COMPARAÇÃO ENTRE TRÊS MÉTODOS DE ESTIMATIVA DE ÁREA FOLIAR APLICADOS AO LIMOEIRO-CRAVO (CITRUS LIMONIA)	25º CONGRESSO DE INICIAÇÃO CIENTÍFICA / 15ª MOSTRA DE PÓS-GRADUAÇÃO / 8º CONGRESSO DE EXTENSÃO / 1ª MOSTRA DE TRABALHOS DE PESQUISA PRODUZIDOS POR PROFISSIONAIS / 1ª MOSTRA DE INICIAÇÃO CIENTÍFICA E EXTENSÃO PROMOVIDA PARA ALUNOS DO ENSINO FUNDAMENTAL, 2016, Pelotas. Trabalhos 2016: Pós Graduação: Ciências Agrárias	AFONSO, R. F. S.; SANTOS, E. A. ; MACHADO, M. R. R. ; MAGANO, D. A.		
resumoExpandidoEmCongresso	Reginaldo Fabiano da Silva Afonso	2016	USO DO MÉTODO ITERATIVO DE GAUSS SEIDEL PARA ESTIMATIVA DE SOLUÇÃO DE SISTEMAS LINEARES UTILIZANDO O SOFTWARE SCILAB	25º CONGRESSO DE INICIAÇÃO CIENTÍFICA / 15ª MOSTRA DE PÓS-GRADUAÇÃO / 8º CONGRESSO DE EXTENSÃO / 1ª MOSTRA DE TRABALHOS DE PESQUISA PRODUZIDOS POR PROFISSIONAIS / 1ª MOSTRA DE INICIAÇÃO CIENTÍFICA E EXTENSÃO PROMOVIDA PARA ALUNOS DO ENSINO FUNDAMENTAL, 2016, Pelotas. Trabalhos :: 2016: Iniciação Científica: CIÊNCIAS EXATAS E DA TERRA	ESTEVES, T. ; SOARES, D. M. ; MARTINS, F. L. I. ; MACHADO, M. R. R. ; SANTOS, E. A. ; MAGANO, D. A. ; AFONSO, R. F. S.		
artigoEmPeriodico	Ricardo Machado Ellensohn	2018	2594-4576		OS SABERES DOCENTES PARA O USO DE GAMES NO ÂMBITO DO ENSINO DE FÍSICA	Revista Educacional Interdisciplinar	ANDRADE, J. M. ; HUNSCHE, S. ; Barin, C. S. ; MACHADO ELLENSOHN, RICARDO		
artigoEmPeriodico	Ricardo Machado Ellensohn	2018	2594-4576		USO DA REDE SOCIAL FACEBOOK COMO AMBIENTE DE COMPARTILHAMENTO DE SABERES NA EDUCAÇÃO PROFISSIONAL	Revista Educacional Interdisciplinar	RAMOS, T. B. ; MIRANDA, F. M. ; Barin, C. S. ; MACHADO ELLENSOHN, RICARDO		
artigoEmPeriodico	Ricardo Machado Ellensohn	2018	1679-1916		Construindo saberes nas redes sociais	RENOTE. REVISTA NOVAS TECNOLOGIAS NA EDUCAÇÃO	SOARES, A. B. ; BOTEGA, S. P. ; SANTOS, L. M. A. ; MACHADO ELLENSOHN, RICARDO ; Barin, C. S.		
artigoEmPeriodico	Ricardo Machado Ellensohn	2017	1679-1916	http://dx.doi.org/10.22456/1679-1916.75107	Ferramentas da web 2.0 como elemento de flexibilização do ensino e aprendizagem de química	RENOTE. REVISTA NOVAS TECNOLOGIAS NA EDUCAÇÃO	PALMA BOTEGA, SANDRA ; BOTEGA LANG, MARINA ; PALMA BOTEGA, MARCIA ; MACHADO ELLENSOHN, RICARDO ; SMANIOTTO BARIN, CLAUDIA		
artigoEmPeriodico	Ricardo Machado Ellensohn	2017	1679-1916		Produção de vídeos na perspectiva da aprendizagem multimídia	RENOTE. REVISTA NOVAS TECNOLOGIAS NA EDUCAÇÃO	CONTRERAS, P. E. O. ; ELLENSOHN, R. M. ; BARIN, C. S.		
artigoEmPeriodico	Ricardo Machado Ellensohn	2016	1984-4751		Redes Sociais como ambiente de comunicação e aprendizado	REVISTA TECNOLOGIAS NA EDUCAÇÃO	ELLENSOHN, R. M.; Barin, C. S.		
artigoEmPeriodico	Ricardo Machado Ellensohn	2016	1984-4751		Panorama de uso de jogos no Ensino Técnico Profissional no âmbito do Instituto Federal Farroupilha	Revista Tecnologias na Educação	SILVA, A. H. ; ELLENSOHN, R. M. ; Barin, C. S.		
trabalhoCompletoEmCongresso	Ricardo Machado Ellensohn	2018		JOGO NAVEGANDO EM ÁGUAS EXATAS: UMA FERRAMENTA ALTERNATIVA PARA O ENSINO DA MATEMÁTICA E CIÊNCIAS DA NATUREZA	Seminário Internacional de Educação no Mercosul	ANDRADE, J. M. ; PERIPOLLI, P. Z. ; SILVEIRA, A. S. ; Barin, C. S. ; MACHADO ELLENSOHN, RICARDO		
trabalhoCompletoEmCongresso	Ricardo Machado Ellensohn	2018		ENSINO DE LIBRAS PARA OUVINTES: DESENVOLVIMENTO E ANÁLISE DA APLICAÇÃO DE JOGO DIGITAL NA FORMAÇÃO DE PROFESSORES	XVIII Seminário Internacional do Mercosul	MIRANDA, F. M. ; RAMOS, T. B. ; VIEIRA, L. ; Barin, C. S. ; MACHADO ELLENSOHN, RICARDO		
trabalhoCompletoEmCongresso	Ricardo Machado Ellensohn	2017		Resolução de Problemas: análise em livros didáticos de Ciências da Natureza	XI ENPEC	MACHADO, D. S. ; MACHADO, A. C. P. ; LEAL, P. F. L. ; BORBA, F. I. M. O. ; GOI, M. E. J. ; ELLENSOHN, R. M.		
trabalhoCompletoEmCongresso	Ricardo Machado Ellensohn	2017		Análise do livro didático: Resolução de Problemas em Livros de Química do Ensino Médio	XI ENPEC	FERREIRA, M. V. S. ; MEDEIROS, D. R. ; SANTOS, R. M. ; JESUS, L. C. ; GOI, M. E. J. ; ELLENSOHN, R. M.		
trabalhoCompletoEmCongresso	Ricardo Machado Ellensohn	2017		Experimentação e Jogos Lúdicos na Formação continuada de professores de Ciências da Natureza	XI ENPEC	GOI, M. E. J. ; ELLENSOHN, R. M.		
trabalhoCompletoEmCongresso	Ricardo Machado Ellensohn	2017		ATIVIDADES EXPERIMENTAIS EM QUÍMICA: UMA ANÁLISE EM LIVROS DIDÁTICOS	EDEQ- Encontro de Debates de Ensino de Química	SILVA, E. R. A. ; PEDROSO, C. A. P. ; VIVIAN, M. F. ; MEDEIROS, D. R. ; GOI, M. E. J. ; ELLENSOHN, R. M.		
trabalhoCompletoEmCongresso	Ricardo Machado Ellensohn	2017		ANÁLISE DE ATIVIDADES EXPERIMENTAIS PRESENTES EM LIVROS DIDÁTICOS DE CIÊNCIAS DA NATUREZA DO 9º ANO DO ENSINO FUNDAMENTAL	EDEQ- Encontro de Debates de Ensino de Química	TRINDADE, S. S. ; SILVA, I. C. T. ; SIQUEIRA, V. F. ; MIRAPALHETE, C. F. ; BORBA, F. I. M. O. ; GOI, M. E. J. ; ELLENSOHN, R. M.		
trabalhoCompletoEmCongresso	Ricardo Machado Ellensohn	2017		ENSINO DE CIÊNCIAS: ANÁLISE DE PROBLEMAS INTERDISCIPLINARES	EDEQ- Encontro de Debates de Ensino de Química	MEDEIROS, D. R. ; SILVA, E. R. A. ; VIVIAN, M. F. ; PEDROSO, C. A. P. ; SANTOS, R. M. ; JESUS, L. C. ; GOI, M. E. J. ; ELLENSOHN, R. M.		
trabalhoCompletoEmCongresso	Ricardo Machado Ellensohn	2017		Experimentos Investigativos no Ensino de Ciências na formação de professores da Educação Básica	EDEQ- Encontro de Debates de Ensino de Química	GOI, M. E. J. ; ELLENSOHN, R. M. ; HUNSCHE, S.		
trabalhoCompletoEmCongresso	Ricardo Machado Ellensohn	2017		ANÁLISE DE PROBLEMAS DISPONÍVEIS EM LIVROS DIDÁTICOS DO ENSINO FUNDAMENTAL PNLD-2017	EDEQ- Encontro de Debates de Ensino de Química	MACHADO, D. S. ; SILVA, I. C. T. ; SIQUEIRA, V. F. ; LEAL, P. F. L. ; MACHADO, A. C. P. ; TRINDADE, S. S. ; MIRAPALHETE, C. F. ; BORBA, F. I. M. O. ; GOI, M. E. J. ; ELLENSOHN, R. M.		
trabalhoCompletoEmCongresso	Ricardo Machado Ellensohn	2016		Revisão bibliográfica de Experimentação e Metodologia de Resolução de Problemas	XVIII ENEQ Encontro Nacional de Ensino De Química	SANTOS, R. M.S. ; SILVA, E. R. A. ; GARSKE, V. ; JESUS, L. C. ; LEAL, P. F. L. ; VIVIAN, M. F. ; PEDROSO, C. A. P. ; MEDEIROS, D. R. ; GOI, M. E. J. ; ELLENSOHN, R. M.		
trabalhoCompletoEmCongresso	Ricardo Machado Ellensohn	2016		A utilização de Mapas Conceituais como estratégia de auxílio aos processos de ensino e aprendizagem	XVIII Encontro Nacional de Ensino de Química - XVIII ENEQ	SILVA, E. R. A. ; JESUS, L. C. ; MACHADO, A. V. ; SILVA, A. L. S. ; GOI, M. E. J. ; ELLENSOHN, R. M.		
trabalhoCompletoEmCongresso	Ricardo Machado Ellensohn	2016		Revisão de literatura sobre a implementação de Jogos didáticos na Educação Básica	36º EDEQ- Encontro de debates sobre o Ensino de Química	SILVA, I. C. T. ; TRINDADE, S. S. ; SIQUEIRA, V. F. ; MIRAPALHETE, C. F. ; SANTOS, D. N. ; GOI, M. E. J. ; ELLENSOHN, R. M.		
trabalhoCompletoEmCongresso	Ricardo Machado Ellensohn	2016		FORMAÇÃO CONTINUADA DE PROFESSORES DE CIÊNCIAS DA NATUREZA: EXPERIMENTAÇÃO NO CONTEXTO DE PROJETO DE EXTENSÃO	XIV Encontro sobre Investigação na Escola 'Educar para democracia e a justiça social'	HIRATA, J. M. ; GOI, M. E. J. ; HUNSCHE, S. ; ELLENSOHN, R. M.		
trabalhoCompletoEmCongresso	Ricardo Machado Ellensohn	2016		CONTRIBUIÇÕES DO PIBID PARA REALIZAÇÃO DE AULAS EXPERIMENTAIS NA DISCIPLINA DE QUÍMICA: RELATO DE UMA PRÁTICA EM SALA DE AULA	XIV Encontro sobre Investigação na Escola 'Educar para democracia e a justiça social'	SILVA, E. R. A. ; VIVIAN, M. F. ; LEAL, P. F. L. ; MEDEIROS, D. R. ; MACHADO, D. S. ; GOI, M. E. J. ; ELLENSOHN, R. M.		
trabalhoCompletoEmCongresso	Ricardo Machado Ellensohn	2016		Implementação de Atividade Experimental na Educação Básica	36º EDEQ- Encontro de debates sobre o Ensino de Química	SIQUEIRA, V. F. ; SANTOS, D. N. ; MACHADO, D. S. ; FERREIRA, M. V. S. ; SILVA, I. C. T. ; TRINDADE, S. S. ; MIRAPALHETE, C. F. ; GOI, M. E. J. ; ELLENSOHN, R. M.		
resumoExpandidoEmCongresso	Ricardo Machado Ellensohn	2017	Sequência Didática baseada em atividades experimentais investigativas:abordagem sobre misturas e processos de separação	9 Siepe- Salão Internacional de Ensino, Pesquisa e Extensão, 2017, Santana do Livramento/RS. Anais do 9 Siepe- Salão Internacional de Ensino, Pesquisa e Extensão	MEDEIROS, D. R. ; FERREIRA, M. V. S. ; GOI, M. E. J. ; ELLENSOHN, R. M. ; GONCALVES, R. P. N. ; SILVA, E. R. A.		
resumoExpandidoEmCongresso	Ricardo Machado Ellensohn	2016	Experimentação no Ensino de Ciências em um projeto de Extensão Universitária	VIII SIEPE- Salão Internacional de Ensino , Pesquisa e extensão, 2016, Alegrete/RS. Anais do VIII SIEPE- Salão Internacional de Ensino , Pesquisa e extensão	SANTOS, D. N. ; SIQUEIRA, V. F. ; TRINDADE, S. S. ; SILVA, I. C. T. ; GOI, M. E. J. ; ELLENSOHN, R. M.		
artigoEmPeriodico	Samuel Martins da Silva	2018	1520-0477	http://dx.doi.org/10.1175/BAMS-D-17-0134.1	Monitoring the Micrometeorology of a Coastal Site next to a Thermal Power Plant from the Surface to 140 m	BULLETIN OF THE AMERICAN METEOROLOGICAL SOCIETY	ACEVEDO, OTÁVIO C. ; DEGRAZIA, GERVÁSIO A. ; PUHALES, FRANCIANO S. ; MARTINS, LUIS G. N. ; OLIVEIRA, PABLO E. S. ; TEICHRIEB, CLAUDIO ; SILVA, SAMUEL M. ; MARONEZE, RAFAEL ; BODMANN, BARDO ; MORTARINI, LUCA ; CAVA, DANIELA ; ANFOSSI, DOMENICO		
artigoEmPeriodico	Sandra Hunsche	2018	2594-4576		OS SABERES DOCENTES PARA O USO DE GAMES NO ÂMBITO DO ENSINO DE FÍSICA	Revista Educacional Interdisciplinar	ANDRADE, J. M. ; HUNSCHE, S. ; Barin, C. S. ; MACHADO ELLENSOHN, RICARDO		
artigoEmPeriodico	Sandra Hunsche	2016	2179-4588		Produção de textos no ensino de física	CCNExt - Revista de Extensão	HUNSCHE, SANDRA; COIMBRA, S. G. ; BARDELLA, V. S. R. ; SANTOS JUNIOR, R. M. ; LUIZ NETO, E. ; ARAUJO, T. C. ; SOARES FILHO, T. P.		
artigoEmPeriodico	Sandra Hunsche	2016	1809-1636		Ensino Médio Politécnico: discussões a partir de revisão de literatura	Vivências (URI. Erechim)	SILVA, J. M.; Hunsche, S ; LUDKE, E.		
artigoEmPeriodico	Sandra Hunsche	2016	2179-4588		Produção de textos no ensino de física	CCNExt - Revista de Extensão	HUNSCHE, Sandra; COIMBRA, S. G. ; BARDELLA, Vinícius ; MAIA JUNIOR, Raimundo ; LUIZ NETO, EMILIANO. ; SILVA, G. F. ; ARAÚJO, T. C. ; SOARES FILHO, T. P.		
trabalhoCompletoEmCongresso	Sandra Hunsche	2017		ABORDAGEM DE TEMAS NO ÂMBITO DO PIBID/FÍSICA: CARACTERIZAÇÃO A PARTIR DE REVISÃO BIBLIOGRÁFICA	XXII Simpósio Nacional de Ensino de Física	SOUZA, L. S. ; Brasil, Aline dos Santos ; DIAS, G. S. ; ROSA, T. D. ; HUNSCHE, Sandra		
trabalhoCompletoEmCongresso	Sandra Hunsche	2017		ATIVIDADES INVESTIGATIVAS NA FORMAÇÃO INICIAL DE PROFESSORES: ALGUNS APONTAMENTOS	XXII Simpósio Nacional de Ensino de Física	DIAS, F. F. ; HUNSCHE, Sandra		
trabalhoCompletoEmCongresso	Sandra Hunsche	2017		MINICURSO DE PROJETO E CONSTRUÇÃO DE PEQUENOS TRANSFORMADORES COMO FERRAMENTA DE ENSINO EM ENGENHARIA	XLV Congresso Brasileiro de Educação em Engenharia	HUNSCHE, S. ; HUNSCHE, SANDRA ; BRUM, F. M. ; MADALOZ, J. C. C.		
trabalhoCompletoEmCongresso	Sandra Hunsche	2017		ABORDAGEM DE TEMAS EM COMPONENTES CURRICULARES: REVISÃO BIBLIOGRÁFICA NA EDUCAÇÃO EM CIÊNCIAS	XI Encontro Nacional de Pesquisa em Educação em Ciências	HUNSCHE, SANDRA; SILVA, E. A. ; HIRATA, J. M. ; SILVA, J. M. ; ROSA, T. D.		
trabalhoCompletoEmCongresso	Sandra Hunsche	2017		CIÊNCIAS NAS SÉRIES INICIAIS: QUE ENSINO É ESSE?	XI Encontro Nacional de Pesquisa em Educação em Ciências	MARQUES, S. G. ; HUNSCHE, SANDRA		
trabalhoCompletoEmCongresso	Sandra Hunsche	2017		POTENCIALIDADES E LIMITAÇÕES DOS SEMINÁRIOS INTEGRADOS VIA TEMAS	Salão Internacional de Ensino	SOARES, O. G. R. ; BRANCO, J. C. ; WAGNER, C. ; HUNSCHE, Sandra ; CESCHINI, M. S. C. ; FUNARI, S. S.		
trabalhoCompletoEmCongresso	Sandra Hunsche	2017		Experimentos Investigativos no Ensino de Ciências na formação de professores da Educação Básica	EDEQ- Encontro de Debates de Ensino de Química	GOI, M. E. J. ; ELLENSOHN, R. M. ; HUNSCHE, S.		
trabalhoCompletoEmCongresso	Sandra Hunsche	2016		Reflexões a partir do Estágio Supervisionado: uma proposta interdisciplinar	Encontro Nacional de Educação Matemática	CONRADO, G. ; HIRATA, J. M. ; HUNSCHE, SANDRA		
trabalhoCompletoEmCongresso	Sandra Hunsche	2016		PERSPECTIVAS INTERDISCIPLINARES NA FORMAÇÃO INICIAL DE PROFESSORES VIA TEMA S GERADORES	XVIII Fórum de Estudos: Leituras de Paulo Freire	Brasil, Aline dos Santos ; SIQUEIRA, V. F. ; ROSA, T. D. ; HUNSCHE, Sandra		
trabalhoCompletoEmCongresso	Sandra Hunsche	2017		Atividades Investigativas no PIBID: contribuições para a formação inicial	XIV Encontro sobre Investigação na Escola	DIAS, G. S. ; MACHADO, A. V. ; MACHADO, A. G. F. ; HUNSCHE, Sandra		
trabalhoCompletoEmCongresso	Sandra Hunsche	2017		Formação continuada de professores de Ciências da Natureza: experimentação no contexto de projeto de extensão	XIV Encontro sobre Investigação na Escola	HIRATA, J. M. ; GOI, M. ; HUNSCHE, Sandra ; ELLENSOHN, R.		
trabalhoCompletoEmCongresso	Sandra Hunsche	2016		A REFLEXÃO COMO ALTERNATIVA PARA A SUPERAÇÃO DA DICOTOMIA ENTRE TEORIA E PRÁTICA: DESAFIOS DO ESTÁGIO NA LICENCIATURA EM FÍSICA	II Colóquio Internacional sobre o Ensino e Didática das Ciências	MARQUES, S. G. ; HUNSCHE, Sandra		
trabalhoCompletoEmCongresso	Sandra Hunsche	2016		ABORDAGEM TEMÁTICA E A PRÁTICA COMO COMPONENTE CURRICULAR: PERSPECTIVA FORMATIVA INTERDISCIPLINAR DE FUTUROS PROFESSORES DE CIÊNCIAS EXATAS	II Colóquio Internacional sobre Ensino e Didática das Ciências	HUNSCHE, Sandra		
resumoExpandidoEmCongresso	Sandra Hunsche	2017	PROPOSTAS DE ENSINO ELABORADAS NO PIBID: CONTRIBUIÇÕES PARA A FORMAÇÃO INICIAL DE PROFESSORES	Salão Internacional de Ensino, Pesquisa e Extensão, 2017, Santana do Livramento. 9º Salão Internacional de Ensino, Pesquisa e Extensão. Bagé/RS: Unipampa	FRANCA, W. S. ; HUNSCHE, Sandra ; MACHADO, A. V. ; SILVA, B. R. ; OLIVEIRA, D. B.		
resumoExpandidoEmCongresso	Sandra Hunsche	2016	CONEXÕES UNIVERSIDADE-ESCOLA: DESAFIOS DE UMA LICENCIATURA EM CIÊNCIAS EXATAS	Encontro Nacional das Licenciaturas (ENALIC), Seminário Nacional do PIBID, Encontro Nacional de Coordenadores do PIBID, 2016, Cruritiba. Anais do Encontro Nacional das Licenciaturas (ENALIC), Seminário Nacional do PIBID, Encontro Nacional de Coordenadores do PIBID. Curitiba: UNIOESTE	GOI, M. E. J. ; SILVA, A. L. S. ; HARTMANN, A. M. ; MARTINS, M. A. R. ; FERREIRA, M. ; HUNSCHE, S.		
artigoEmPeriodico	Thiago Henrique Lugokenski	2016	2044-4648	http://dx.doi.org/10.5567/pharmacologia.2016.193.201	In vitro Antioxidant Activity Investigation of Vanillomopsis arborea Baker Aqueous Extracts, Essential Oil and Isolated Compound: (-)-α-bisabolol	Pharmacologia	LEITE, GERLANIA DE OLIVEIRA ; DUBOIS, ALBYS FERRER ; SEEGER, RODRIGO LOPES ; BOLIGON, ALINE AUGUSTI ; COSTA, JOSE GALBERTO MARTIN ; LUGOKENSKI, T. H. ; CAMPOS, ADRIANA ROLIM ; FACHINETTO, R ; KAMDEM, JEAN PAUL ; ROCHA, JOAO BATISTA TEIXEIR ; WAGNER, CAROLINE		
artigoEmPeriodico	Vitalino Cesca Filho	2016	0009-725X	http://dx.doi.org/10.1007/s12215-016-0231-4	Threefolds with one apparent double point	Rendiconti del Circolo Matematico di Palermo (Testo stampato)	CESCA, VITALINO FILHO		
resumoExpandidoEmCongresso	Vitalino Cesca Filho	2016	A plataforma Desmos como recurso tecnológico de ensino e aprendizagem na monitoria de Cálculo	SIEPE - Salão Internacional de Ensino, Pesquisa e Extensão, 2016, Uruguaiana. Anais do 8º Salão Internacional de Ensino, Pesquisa e Extensão - Universidade Federal do Pampa	FAÈ, Y. A. ; CESCA FILHO, V.		
resumoExpandidoEmCongresso	Zilda Baratto Vendrame	2017	Análise de Minério de Talco do Município de Caçapava do Sul Utilizando Técnica de FRX	9° Salão Internacional de Ensino Pesquisa e Extensão (SIEPE), 2017, Santana do Livramento. Anais do 9° Salão Internacional de Ensino Pesquisa e Extensão	SILVA, M. R. C. L. ; VENDRAME, Z. B. ; LOPES, V. G.		
