artigoEmPeriodico	 	2018	2594-4576		Geometria analítica no Ensino Superior: uma proposta de ensino híbrido	Revista Educacional Interdisciplinar	CARPES, P.P.G; NUNES, J. F. ; MARQUES, I. L. ; BISOGNIN, E.	B4	REVISTA EDUCACIONAL INTERDISCIPLINAR
artigoEmPeriodico	 	2018	1809-3876	http://dx.doi.org/10.23925/1809-3876.2018v16i3p668-693	DIVERSIDADE E IN/EXCLUSÃO: VOZES E SILÊNCIOS NA FORMAÇÃO DO/A PEDAGOGO/A	REVISTA E-CURRICULUM (PUCSP)	COSTA, J. M.; DALLA CORTE, M. G. ; SILVA, L. G.	A2	
artigoEmPeriodico	 	2018	0022-0396	http://dx.doi.org/10.1016/j.jde.2018.08.017	On the instability of elliptic traveling wave solutions of the modified Camassa-Holm equation	JOURNAL OF DIFFERENTIAL EQUATIONS	DARÓS, ALISSON; ARRUDA, LYNNYNGS KELLY	Qualis nao identificado	JOURNAL OF DIFFERENTIAL EQUATIONS
artigoEmPeriodico	 	2018	2301-1548	http://dx.doi.org/10.31285/AGRO.22.2.2	Estimación del tamaño óptimo de parcela en experimentación con batata dulce	AGROCIENCIA URUGUAY	HUMADA-GONZALEZ, G. G. ; MORAIS, A. R. ; MENDOZA, C. A. C. ; BORTOLINI, J. ; LISKA, GILBERTO RODRIGUES	Qualis nao identificado	AGROCIENCIA URUGUAY
artigoEmPeriodico	 	2018	1809-1636		A APRENDIZAGEM SIGNIFICATIVA EM UM CONTEXTO MATEMÁTICO: ESTUDOS SOBRE O CONCEITO DE ÁREA	VIVÊNCIAS (URI. ERECHIM)	LEÃO, A. S. G.; PESSANO, E. F. C. ; CERETA, A. S. ; BORTOLUZZI, L. R.	B5	
artigoEmPeriodico	 	2018	2179-460X		Nova Abordagem para a Estimativa do Fluxo de Calor no Solo para o Bioma Pampa	CIÊNCIA E NATURA	ROMIO, L. C.; ZIMMER, T. ; ROBERTI, D. R. ; BULIGON, L.	C	
artigoEmPeriodico	 	2018	2179-8087	http://dx.doi.org/10.1590/2179-8087.050816	Biomass and Carbon in a Seasonal Semideciduous Forest in Minas Gerais	FLORAM	SILVA, HELANE FRANÇA ; RIBEIRO, SABINA CERRUTO ; BOTELHO, SORAYA ALVARENGA ; LISKA, GILBERTO RODRIGUES ; CIRILLO, MARCELO ANGELO	Qualis nao identificado	FLORAM
artigoEmPeriodico	 	2018	1518-8221		Argumentação na Abordagem do Pensamento Funcional no Ensino Fundamental: Análise de atividades em um livro didático de matemática	EDUCAÇÃO MATEMÁTICA EM REVISTA-RS	SILVA, J. G ; MAGGIO, D.P ; NEHRING, C. M.	B5	
artigoEmPeriodico	 	2018	2525-7870		'Amutuy, soledad': um estudo das estratégias identitárias na canção de Marcel Berbel	RELACult - Revista Latino-Americana de Estudos em Cultura e Sociedade	SOUZA, N.B	C	RELACULT - REVISTA LATINO-AMERICANA DE ESTUDOS EM CULTURA E SOCIEDADE
artigoEmPeriodico	 	2018	1807-5193		Reviver a tradição, reinventar seus heróis:o discurso do folclore jovem e a cultura popular	Letra Magna (Online)	SOUZA, N.B	Qualis nao identificado	Letra Magna (Online)
artigoEmPeriodico	 	2018	2238-3026		A enunciação tonitruante do discurso de militância em ??Solo le pido a dios?, de León Gieco	ABEHACHE	SOUZA, N.B	Qualis nao identificado	ABEHACHE
artigoEmPeriodico	 	2018	2177-1960		O contradiscurso ou discurso carnavalizado e a infância transgressora da linguagem em Manoel de Barros.	CENÁRIOS: REVISTA DE ESTUDOS DA LINGUAGEM	SOUZA, N.B.; CAMARGOS, M. L. ; GIOVANI, F.	C	
artigoEmPeriodico	 	2018	2237-6844		Reflexões enunciativas acerca do ensino na área de linguagem: entendendo projetos de dizer	POLIFONIA: ESTUDOS DA LINGUAGEM	SOUZA, N.B.; GIOVANI, F.	B3	
artigoEmPeriodico	 	2018	2331-1991	http://dx.doi.org/10.4236/ae.2018.62010	Predatory Potential of <i>Phytoseiulus macropilis</i> (Banks) Preying on <i>Tetranychus urticae</i> Koch (Acari: Phytoseiidae, Tetranychidae)	ADVANCES IN ENTOMOLOGY	SOUZA-PIMENTEL, GISELLE CHRISTIANE ; REIS, PAULO REBELLES ; LISKA, GILBERTO RODRIGUES ; CIRILLO, MARCELO ÂNGELO	Qualis nao identificado	ADVANCES IN ENTOMOLOGY
artigoEmPeriodico	 	2018	2331-1991	http://dx.doi.org/10.4236/ae.2018.62007	Biological Control of Southern Red Mite, Oligonychus ilicis (Acari: Tetranychidae), in Coffee Plants	ADVANCES IN ENTOMOLOGY	TOLEDO, M. A. ; REIS, P. R. ; LISKA, G. R. ; CIRILLO, M. A.	Qualis nao identificado	ADVANCES IN ENTOMOLOGY
artigoEmPeriodico	 	2017	1916-9752	http://dx.doi.org/10.5539/jas.v9n12p88	Fatty Acids Profile of Coffea arabica L. Resistant to Leaf Rust Grown in Two Environments of Minas Gerais, Brazil	Journal of Agricultural Science	FASSIO, L. O. ; MALTA, M. R. ; LISKA, G. R.	Qualis nao identificado	Journal of Agricultural Science
artigoEmPeriodico	 	2017	2316-1795		O dado singular que ilumina o percurso: uma análise indiciária da elaboração didática de oficinas de linguagem com base nos gêneros discursivos	Diálogo das Letras	GIOVANI, F. ; SOUZA, N.B.	B1	DIÁLOGO DAS LETRAS
artigoEmPeriodico	 	2017	2518-8380		Aplicação da técnica Bootstrap na estimação do tamanho ótimo de parcela em experimento com soja	Tecnología Agraria	GONZALEZ, G. G. H. ; MORAIS, A. R. ; BRUZI, T. A. ; LISKA, G.R. ; REIS, C. J. ; BORTOLINI, J. ; SOSA, J. R. H.	Qualis nao identificado	Tecnología Agraria
artigoEmPeriodico	 	2017	2278-5728		Monte Carlo Evaluation of Classification Algorithms Based on Fisher's Linear Function in Classification of Patients With CHD	IOSR Journal of Mathematics	LISKA, G. J. R. ; LISKA, G. R. ; HUMADA-GONZALEZ, G. G. ; BORTOLINI, J. ; REIS, C. J.	Qualis nao identificado	IOSR Journal of Mathematics
artigoEmPeriodico	 	2017	2278-5728	http://dx.doi.org/10.9790/5728-130104104109	Monte Carlo Evaluation of Classification Algorithms Based on Fisher's Linear Function in Classification of Patients With CHD	IOSR Journal of Mathematics	LISKA, G.R	Qualis nao identificado	IOSR Journal of Mathematics
artigoEmPeriodico	 	2017	0957-4174	http://dx.doi.org/10.1016/j.eswa.2016.08.014	Data classification with binary response through the Boosting algorithm and logistic regression	EXPERT SYSTEMS WITH APPLICATIONS	MENEZES, F. S. ; LISKA, G. R. ; CIRILLO, M. A. ; VIVANCO, M. J. F.	A2	
artigoEmPeriodico	 	2017	1916-9760	http://dx.doi.org/10.5539/jas.v9n9p78	Sensory Profile and Chemical Composition of Specialty Coffees from Matas de Minas Gerais, Brazil	Journal of Agricultural Science	PEREIRA, R. G. F. A. ; FASSIO, L. O. ; LISKA, G.R. ; MALTA, M. R.	Qualis nao identificado	Journal of Agricultural Science
artigoEmPeriodico	 	2017	2454-1850	http://dx.doi.org/10.25125/agriculture-journal-IJOEAR-NOV-2017-17	Interspecific Interaction Between Phytoseiulus macropilis and Neoseiulus californicus (Acari: Phytoseiidae) Preying on Tetranychus urticae (Acari: Tetranychidae) on Rosebush Growing in Greenhouse	International Journal of Environmental and Agriculture Research	PIMENTEL, G. C. S. ; REIS, P. R. ; LISKA, G.R. ; CIRILLO, M. A.	Qualis nao identificado	International Journal of Environmental and Agriculture Research
artigoEmPeriodico	 	2017	2518-8380		Precipitações máximas esperadas em Mariscal Estigarribia, Paraguai, via distribuição Gumbel	Tecnologia Agrária	REIS, C. J. ; GONZALEZ, G. G. H. ; LISKA, G. R. ; BORTOLINI, J. ; HUMADA SOSA, J. R. ; BEIJO, L. A. ; CHAVES, L. M. ; BALBUENA, J. G.	Qualis nao identificado	Tecnologia Agrária
artigoEmPeriodico	 	2017	1538-9472	http://dx.doi.org/10.22237/jmasm/1493597820	Methodology for constructing perceptual maps incorporating measuring error in sensory acceptance tests	JOURNAL OF MODERN APPLIED STATISTICAL METHODS	SANTOS, E. N. F. ; LISKA, G. R. ; CIRILLO, M. A.	Qualis nao identificado	JOURNAL OF MODERN APPLIED STATISTICAL METHODS
artigoEmPeriodico	 	2017	2238-8060	http://dx.doi.org/10.18468/letras.2017v7n3.p341-361	'Dureza: a única máscara possível' - Um estudo de Vidas Secas, de Graciliano Ramos	LETRAS ESCREVE	SOUZA, N.B	Qualis nao identificado	LETRAS ESCREVE
artigoEmPeriodico	 	2017	1807-9717		As metacanções e a acumulação de sentidos sobre o ato de cantar na canção folclórica argentina	MEMENTO (TRÊS CORAÇÕES)	SOUZA, N.B	Qualis nao identificado	MEMENTO (TRÊS CORAÇÕES)
artigoEmPeriodico	 	2017	2176-8625		Una experiencia de enseñanza de lengua española (LE) en un contexto de extensión universitaria a través de la producción de materiales didácticos	CAMINHOS EM LINGUÍSTICA APLICADA	SOUZA, N.B.; ALVAREZ, I.M.J.	B3	
artigoEmPeriodico	 	2017	2316-1795		Os percursos éticos do cantar no discurso de denúncia social em três canções de protesto	Diálogo das Letras	SOUZA, N.B.; MIOTELLO, V.	B1	DIÁLOGO DAS LETRAS
artigoEmPeriodico	 	2017	1983-8018		Matriculo-me, logo existo: efeitos do verbal e do não-verbal na produção de sentidos	REVISTA DE LETRAS NORTE@MENTOS	SOUZA, N.B.; SILVEIRA, E.L.	C	
artigoEmPeriodico	 	2016	1809-3264		Google Drive como ferramenta pedagógica: uma proposta colaborativa no âmbito do PIBID	Revista Querubim	BRAGANCA, G. M. ; CERETA, A. S. ; KEHLER, G. S.	B3	REVISTA QUERUBIM
artigoEmPeriodico	 	2016	1679-365X		Invasão de uma espécie com efeito Allee forte	Biomatemática (UNICAMP)	CARA, E. R.; MISTRO, D. C.	Qualis nao identificado	Biomatemática (UNICAMP)
artigoEmPeriodico	 	2016	0377-0427	http://dx.doi.org/10.1016/j.cam.2015.01.022	Numerical analysis of the acoustics of a diffusion flame	Journal of Computational and Applied Mathematics	CARPES, CHARLES QUEVEDO; de Bortoli, Álvaro Luiz	Qualis nao identificado	Journal of Computational and Applied Mathematics
artigoEmPeriodico	 	2016	2306-5710	http://dx.doi.org/10.3390/beverages2010001	Sensory Description of Cultivars (Coffea Arabica L.) Resistant to Rust and Its Correlation with Caffeine, Trigonelline, and Chlorogenic Acid Compounds	Beverages	FASSIO, L. O. ; MALTA, M. R. ; CARVALHO, G. R. ; LISKA, G. R. ; LIMA, P. M. ; PIMENTA, C. J.	Qualis nao identificado	Beverages
artigoEmPeriodico	 	2016	1807-6211		Estudar com Bakhtin na fronteira:alguns dizeres (im)pertinentes sobre o nosso cronotopo	Aleph (UFF. Online)	GEBAP, P. ; GIOVANI, F. ; CAMARGOS, M. L. ; SOUZA, N.B. ; GOULART, R.K.T. ; OLIVEIRA, N. R. M. ; SANDIM, R. ; SCHENKEL, J.B. ; JACINTO, N.	Qualis nao identificado	Aleph (UFF. Online)
artigoEmPeriodico	 	2016	2238-6084		O texto da criança e a mistura de vozes na sua escritura: questões de estética, de dialogismo e de polifonia	Revista Educação e Linguagens	GIOVANI, F. ; CAMARGOS, M. L. ; SOUZA, N.B.	B3	REVISTA EDUCAÇÃO E LINGUAGENS
artigoEmPeriodico	 	2016	2518-8380		Evaluación del algodón en relación al espaciamiento entre hileras y riego	Tecnologia Agrária	GONZALEZ, G. G. H. ; MORAIS, A. R. ; BORTOLINI, J. ; LISKA, G. R. ; AGUILERA, L. A. ; DUECK, J. ; BALBUENA, J. G. ; SOSA, J. R. H.	Qualis nao identificado	Tecnologia Agrária
artigoEmPeriodico	 	2016	1983-3431		Humor nos conflitos da relação marido/ mulher: análise linguística e estatística	UNILETRAS	LISKA, G. J. R. ; LISKA, G.R.	B5	
artigoEmPeriodico	 	2016	1809-3264		Um bom professor de matemática nos discursos de estudantes do ensino médio	Revista Querubim	REUSE, J. S. ; KEHLER, G. S.	B3	REVISTA QUERUBIM
artigoEmPeriodico	 	2016	2525-4782		Estimativa do Saldo de Radiação Utilizando Identificação de Sistemas	Revista Mundi Engenharia, Tecnologia e Gestão	ROMIO, L. C.; ROBERTI, D. R.	Qualis nao identificado	Revista Mundi Engenharia, Tecnologia e Gestão
artigoEmPeriodico	 	2016	2304-0106		Aplicaciones de Inteligencia Artificial y Mineria de Datos a Diagnóstico de Fallos y Estimación de Parámetros	Anales de la Academia de Ciencias de Cuba	SANTIAGO, O. L. ; MORENO, A. P. ; ECHEVARRÍA, L. C. ; LAZARO, J. M. B. ; MESA, M. I. ; VICIEDO, E. B. ; RAMOS, A. R. ; GRUEIRO, M. Q. ; FAJARDO, J. A. H. ; SANCHEZ, D. J. ; SILVA NETO, A. J. ; CÂMARA, L. D. T. ; RODRIGUES, P. P. G. W. ; PAROLIN, R. S. ; MORENO, E. G. ; ANGLADA, F. M. ; CAMPOS VELHO, H. F. ; BECCENERI, J. C. ; MENDEZ, J. F. ; CRUZ, A. M. ; VIZCAYA, M. T. ; RAMIREZ, C. H.	Qualis nao identificado	Anales de la Academia de Ciencias de Cuba
artigoEmPeriodico	 	0	1548-0992	http://www.scopus.com/scopus/inward/citedby.url?partnerID=bb5nvXTn&rel=R6.0.0&doi=10.1109/tla.2016.7459642&md5=fe631918b529d703d701a39376953408	Selecting A Probabilistic Model Applied To The Sensory Analysis Of Specialty Coffees Performed With Consumer	Revista IEEE América Latina	FERREIRA, H. A. ; LISKA, G. R. ; CIRILLO, M. A. ; BOREM, F. M. ; RIBEIRO, D. E. ; CORTEZ, R. M.	A2	REVISTA IEEE AMÉRICA LATINA
artigoEmPeriodico	 	0	0102-7352	http://www.scopus.com/scopus/inward/citedby.url?partnerID=bb5nvXTn&rel=R6.0.0&doi=null&md5=f8a2d9f8af7e0fb17f9968fbbee28b49	Modeling the hydrolysis process of the bioethanol production	Vetor (FURG)	GOMES, R. S. ; CARPES, Charles Quevedo ; ANDREIS, G. S. L. ; de Bortoli, Álvaro Luiz	Qualis nao identificado	Vetor (FURG)
artigoEmPeriodico	 	0	0255-5476	http://dx.doi.org/10.4028/0-87849-963-6.1043	Nickel-vacancy complex in diamond: ab-initio Investigation	Materials Science Forum	L.V.C. Assali ; R. Larico ; W.V.M. Machado ; J.F. Justo	Qualis nao identificado	Materials Science Forum
artigoEmPeriodico	 	0	0925-9635	http://www.scopus.com/scopus/inward/citedby.url?partnerID=bb5nvXTn&rel=R6.0.0&doi=10.1016/j.diamond.2006.09.014&md5=f2b2c33dc56381e0a10dc81290cfd798	Cobalt in diamond: An ab initio investigation	Diamond and Related Materials	L.V.C. Assali ; W.V.M. Machado ; R. Larico ; J.F. Justo	Qualis nao identificado	Diamond and Related Materials
artigoEmPeriodico	 	0	1550-235X	http://www.scopus.com/scopus/inward/citedby.url?partnerID=bb5nvXTn&rel=R6.0.0&doi=10.1103/physrevb.87.165113&md5=8382944da2a929dee0387c49f2575b1a	Spin states of iron impurities in magnesium oxide under pressure: A possible intermediate state	Physical Review B	Larico, R.; Assali, L. V. C. ; Justo, J. F.	Qualis nao identificado	Physical Review B
artigoEmPeriodico	 	0	0370-1972	http://www.scopus.com/scopus/inward/citedby.url?partnerID=bb5nvXTn&rel=R6.0.0&doi=10.1002/pssb.201200487&md5=8cc99a483dcc18b57d943e7aab02061d	Iron in magnesium oxide at high pressures: a first principles theoretical investigation	Physica Status Solidi. B, Basic Research	Larico, Rolando; JUSTO, JOÃO F. ; ASSALI, LUCY V. C.	Qualis nao identificado	Physica Status Solidi. B, Basic Research
artigoEmPeriodico	 	0	1983-6988	http://www.scopus.com/scopus/inward/citedby.url?partnerID=bb5nvXTn&rel=R6.0.0&doi=null&md5=f8a2d9f8af7e0fb17f9968fbbee28b49	Análise de gêneros científicos midiáticos: a organização retórica de notícias de popularização da ciência nas revistas Ciência Hoje e Galileu	Linguasagem (São Paulo)	LOVATO, C. S	B3	LINGUASAGEM (SÃO PAULO)
artigoEmPeriodico	 	0	1679-8740	http://www.scopus.com/scopus/inward/citedby.url?partnerID=bb5nvXTn&rel=R6.0.0&doi=null&md5=f8a2d9f8af7e0fb17f9968fbbee28b49	O poder hegemônico da ciência no discurso de popularização científica	Calidoscópio (UNISINOS)	MOTTA-ROTH, D. ; LOVATO, C. S.	B1	CALIDOSCÓPIO (UNISINOS)
artigoEmPeriodico	 	0	1518-7632	http://www.scopus.com/scopus/inward/citedby.url?partnerID=bb5nvXTn&rel=R6.0.0&doi=null&md5=f8a2d9f8af7e0fb17f9968fbbee28b49	Organização retórica do gênero notícia de popularização da ciência: um estudo comparativo entre português e inglês	Linguagem em (Dis)curso	MOTTA-ROTH, D. ; LOVATO, C. S.	B1	LINGUAGEM EM (DIS)CURSO (ONLINE)
artigoEmPeriodico	 	0	0096-3003	http://www.scopus.com/scopus/inward/citedby.url?partnerID=bb5nvXTn&rel=R6.0.0&doi=null&md5=f8a2d9f8af7e0fb17f9968fbbee28b49	Estimation of a contaminant source in an estuary with an inverse problem approach	Applied Mathematics and Computation	PAROLIN, R. S.; SILVA NETO, A. J. ; RODRIGUES, P. P. G. W. ; SANTIAGO, O. L.	Qualis nao identificado	Applied Mathematics and Computation
artigoEmPeriodico	 	0	0921-4526	http://www.scopus.com/scopus/inward/citedby.url?partnerID=bb5nvXTn&rel=R6.0.0&doi=10.1016/j.physb.2003.09.010&md5=d5aa071d8deaf856a825c20ec2589e2b	An ab initio investigation on nickel impurities in diamond	Physica. B, Condensed Matter (Print)	R. Larico; Assali, L. V. C. ; Justo, J. F. ; Machado, W. V. M.	Qualis nao identificado	Physica. B, Condensed Matter (Print)
artigoEmPeriodico	 	0	1098-0121	http://www.scopus.com/scopus/inward/citedby.url?partnerID=bb5nvXTn&rel=R6.0.0&doi=10.1103/physrevb.79.115202&md5=72cf3f7558215f843cb17be98019126e	Electronic properties and hyperfine fields of nickel-related complexes in diamond	Physical Review. B, Condensed Matter and Materials Physics	R. Larico; J.F. Justo ; W.V.M. Machado ; L.V.C. Assali	Qualis nao identificado	Physical Review. B, Condensed Matter and Materials Physics
artigoEmPeriodico	 	0	0921-4526	http://www.scopus.com/scopus/inward/citedby.url?partnerID=bb5nvXTn&rel=R6.0.0&doi=10.1016/j.physb.2005.12.075&md5=680cdfa7e6fb45c47b411fd70d2752ad	Band gap states of interstitial nickel-complexes in diamond	Physica. B, Condensed Matter	R. Larico; J.F. Justo ; W.V.M. Machado ; L.V.C. Assali	Qualis nao identificado	Physica. B, Condensed Matter
artigoEmPeriodico	 	0	0103-9733	http://www.scopus.com/scopus/inward/citedby.url?partnerID=bb5nvXTn&rel=R6.0.0&doi=10.1590/s0103-97332004000400038&md5=3b6445bdd7329bd3d30229a95ceb3d86	Electronic properties of isolated nickel in diamond	Brazilian Journal of Physics	R. Larico; J.F. Justo ; W.V.M. Machado ; L.V.C. Assali	Qualis nao identificado	Brazilian Journal of Physics
artigoEmPeriodico	 	0	0953-8984	http://www.scopus.com/scopus/inward/citedby.url?partnerID=bb5nvXTn&rel=R6.0.0&doi=10.1088/0953-8984/20/41/415220&md5=f1267eb60df013d982580075b510e26a	Cobalt-related impurity centers in diamond: electronic properties and hyperfine parameters	Journal of Physics. Condensed Matter	R. Larico; L.V.C. Assali ; W.V.M. Machado ; J.F. Justo	Qualis nao identificado	Journal of Physics. Condensed Matter
artigoEmPeriodico	 	0	0927-0256	http://www.scopus.com/scopus/inward/citedby.url?partnerID=bb5nvXTn&rel=R6.0.0&doi=10.1016/j.commatsci.2004.01.009&md5=fa2ae77a893847614e0dbe168a6bbc2b	Nickel impurities in diamond: a FP-LAPW investigation	Computational Materials Science	R. Larico; L.V.C. Assali ; W.V.M. Machado ; J.F. Justo	Qualis nao identificado	Computational Materials Science
artigoEmPeriodico	 	0	0003-6951	http://www.scopus.com/scopus/inward/citedby.url?partnerID=bb5nvXTn&rel=R6.0.0&doi=10.1063/1.1645327&md5=f385e4fc9484602c542477c2d4eb32d0	Isolated nickel impurities in diamond: A microscopic model for the electrically active centers	Applied Physics Letters	R. Larico; Machado, W. V. M. ; Justo, J. F. ; Assali, L. V. C.	Qualis nao identificado	Applied Physics Letters
artigoEmPeriodico	 	0	0103-9733	http://www.scopus.com/scopus/inward/citedby.url?partnerID=bb5nvXTn&rel=R6.0.0&doi=10.1590/s0103-97332006000300009&md5=6ed03f5cc7c9586c72733b4422f0ac0a	Microscopic structure of nickel-dopant centers in diamond	Brazilian Journal of Physics	R. Larico; W.V.M. Machado ; J.F. Justo ; L.V.C. Assali	Qualis nao identificado	Brazilian Journal of Physics
artigoEmPeriodico	 	0	0925-9635	http://www.scopus.com/scopus/inward/citedby.url?partnerID=bb5nvXTn&rel=R6.0.0&doi=10.1016/j.diamond.2004.10.007&md5=e3f239b8514a33cb71e94d8ab636a5fc	A theoretical model for the nickel-related defect centers in diamond	Diamond and Related Materials	R. Larico; W.V.M. Machado ; L.V.C. Assali ; J.F. Justo	Qualis nao identificado	Diamond and Related Materials
artigoEmPeriodico	 	0	1809-6875	http://www.scopus.com/scopus/inward/citedby.url?partnerID=bb5nvXTn&rel=R6.0.0&doi=null&md5=f8a2d9f8af7e0fb17f9968fbbee28b49	Eficácia do enxofre aplicado via solo no controle da cigarra Quesada gigas (OLIVIER) em cafeeiro	Coffee Science	REIS, P. R. ; REBELLES, P. P. R. ; PEREIRA, M. C. ; LISKA, G. R. ; MORAIS, A. R.	Qualis nao identificado	Coffee Science
artigoEmPeriodico	 	0	0092-8240	http://www.scopus.com/scopus/inward/citedby.url?partnerID=bb5nvXTn&rel=R6.0.0&doi=10.1007/s11538-015-0097-1&md5=8c6b1f78aec2447e4e0855941dfaa057	Patchy Invasion of Stage-Structured Alien Species with Short-Distance and Long-Distance Dispersal	Bulletin of Mathematical Biology (Print)	RODRIGUES, LUIZ ALBERTO DÍAZ ; MISTRO, DIOMAR CRISTINA ; CARA, ELISA REGINA ; PETROVSKAYA, NATALIA ; PETROVSKII, SERGEI	Qualis nao identificado	Bulletin of Mathematical Biology (Print)
trabalhoCompletoEmCongresso	 	2018		ANÁLISE DO PERFIL ACADÊMICO DE INGRESSANTES DO CURSO DE MATEMÁTICA - LICENCIATURA	10 Salão Internacional de Ensino	AMARAL, D. M. V. ; LEÃO, A. S. G. ; MIRES, P. A.	Qualis nao identificado	10 Salão Internacional de Ensino
trabalhoCompletoEmCongresso	 	2018		INTERPRETANDO OS NÚMEROS RACIONAIS: UMA PROPOSTA DE COMPREENSÃO COM PROFESSORES DE MATEMÁTICA	Simpósio de Ensino	CARPES, P.P.G; BISOGNIN, E.	Qualis nao identificado	Simpósio de Ensino
trabalhoCompletoEmCongresso	 	2018		Mapeamento de pesquisas sobre o enfoque ontosemiótico: implicações e contribuições	VII Jornada da Educação Matemática	CARPES, P.P.G; PIGATTO, A. G. S. ; BISOGNIN, E.	Qualis nao identificado	VII Jornada da Educação Matemática
trabalhoCompletoEmCongresso	 	2018		UMA PROPOSTA PARA A COMPREENSÃO DA FUNÇÃO AFIM A PARTIR DA TEORIA DOS REGISTROS DE REPRESENTAÇÃO SEMIÓTICA	VII JORNADA NACIONAL DA EDUCAÇÃO MATEMÁTICA	CARPES, P.P.G; SANTOS, G. C.	Qualis nao identificado	VII JORNADA NACIONAL DA EDUCAÇÃO MATEMÁTICA
trabalhoCompletoEmCongresso	 	2018		Tecnologias de governo na reforma do ensino médio: ?itinerários formativos? e projeções de um corpo escolar juvenil (empregável)	I Simpósio Juventudes Contemporâneas	GIROTO, L. V. ; KEHLER, G. S.	Qualis nao identificado	I Simpósio Juventudes Contemporâneas
trabalhoCompletoEmCongresso	 	2018		NÚMEROS RACIONAIS: DIFICULDADES DE APRENDIZAGEM APONTADAS PELO PROFESSOR	10 Salão Internacional de Ensino	MARQUES, C. S. ; CARPES, P. P. G. ; LEÃO, A. S. G.	Qualis nao identificado	10 Salão Internacional de Ensino
trabalhoCompletoEmCongresso	 	2018		PROJETO DE EXTENSÃO: UMA POSSIBILIDADE PARA CONSTRUIR SABERES COM PROFESSORES	10 Salão Internacional de Ensino	MARQUES, C. S. ; CARPES, P. P. G. ; LEÃO, A. S. G.	Qualis nao identificado	10 Salão Internacional de Ensino
trabalhoCompletoEmCongresso	 	2018		MÁQUINA DAS FUNÇÕES: UMA RELAÇÃO ENTRE AS VARIÁVEIS	10 Salão Internacional de Ensino	PATIAS, T. M. ; LEÃO, A. S. G. ; MARQUES, C. S. ; CARPES, P. P. G.	Qualis nao identificado	10 Salão Internacional de Ensino
trabalhoCompletoEmCongresso	 	2018		MODELAGEM MATEMÁTICA: EXPERIMENTANDO NOVAS METODOLOGIAS	10 Salão Internacional de Ensino	PEREIRA, A. L. ; LEÃO, A. S. G. ; GRACES, M. J.	Qualis nao identificado	10 Salão Internacional de Ensino
trabalhoCompletoEmCongresso	 	2018		Modelo Empírico para Estimativa da Condutividade Térmica em Função do Conteúdo de Água no Solo	8. MCSul e VIII SEMENGO	ROMIO, L. C.; ZIMMER, T. ; ROBERTI, D. R. ; BULIGON, L.	Qualis nao identificado	8. MCSul e VIII SEMENGO
trabalhoCompletoEmCongresso	 	2018		ANÁLISE DE ERROS: UMA EXPERIÊNCIA EM TRIGONOMETRIA	10 Salão Internacional de Ensino	SANTOS, M. E. B. S. ; PINHEIRO, J. L. ; LEÃO, A. S. G. ; BONORINO, T. Z.	Qualis nao identificado	10 Salão Internacional de Ensino
trabalhoCompletoEmCongresso	 	2017		EPISTEMOLOGIA HEURISTICA, ENSINO DE MATEMATICA E A CONSTRUÇÃO AXIOMÁTICA DOS NÚMEROS NATURAIS	Simpósio de Ensino	CARPES, P.P.G; ALVES, M. A.	Qualis nao identificado	Simpósio de Ensino
trabalhoCompletoEmCongresso	 	2017		MAPEAMENTO DE PESQUISAS SOBRE NÚMEROS RACIONAIS: ANÁLISE DAS ABORDAGENS E TENDÊNCIAS EM TESES DE DOUTORADO	Simpósio de Ensino	CARPES, P.P.G; BISOGNIN, E. ; PIGATTO, A. G. S.	Qualis nao identificado	Simpósio de Ensino
trabalhoCompletoEmCongresso	 	2017		EXPLORAÇÃO DAS RELAÇÕES TRIGONOMÉTRICAS SOB A ÓTICA DA TEORIA DOS CAMPOS CONCEITUAIS	Congresso Internacional de Ensino de Matemática	CERETA, A. S. ; FERNER, D. L. ; CARPES, P.P.G	Qualis nao identificado	Congresso Internacional de Ensino de Matemática
trabalhoCompletoEmCongresso	 	2017		EXPLORAÇÃO DAS INTERPRETAÇÕES DOS NÚMEROS RACIONAIS POR MEIO DO FRAC-SOMA 235: REFLEXÕES PERANTE A PRÁXIS DE UMA OFICINA	Congresso Internacional de Ensino de Matemática	FERNER, D. L. ; CERETA, A. S. ; CARPES, P.P.G	Qualis nao identificado	Congresso Internacional de Ensino de Matemática
trabalhoCompletoEmCongresso	 	2017		DO ARROZ AO FEIJÃO: OS EFEITOS ECONÔMICOS DA CESTA BÁSICA NA ECONOMIA ITAQUIENSE1	IV Seminário Internacional de Ciências Sociais - Ciência Política - Buscando o Sul	LEÃO, A. S. G.; ALMEIDA, M. G. S. ; LEAO, A. P. F.	Qualis nao identificado	IV Seminário Internacional de Ciências Sociais - Ciência Política - Buscando o Sul
trabalhoCompletoEmCongresso	 	2017		UMA PROPOSTA DE SEQUENCIA DIDATICA BASEADA NO DESENVOLVIMENTO DO PENSAMENTO GEOMETRICO SEGUNDO A TEORIA DE VAN HIELE	10 Salão Internacional de Ensino	LEÃO, A. S. G.; CARPES, P. P. G.	Qualis nao identificado	10 Salão Internacional de Ensino
trabalhoCompletoEmCongresso	 	2017		A aprendizagem significativa num contexto matemático: estudos sobre o conceito de área	I Encontro Regional de Ensino de Ciências	LEÃO, A. S. G.; CERETA, A. S.	Qualis nao identificado	I Encontro Regional de Ensino de Ciências
trabalhoCompletoEmCongresso	 	2017		A Resolução de Problemas como proposta metodológica para o ensino de trigonometria no triângulo retângulo	I Encontro Regional de Ensino de Ciências	LEÃO, A. S. G.; ESPINDOLA, G. M. ; DALCIN, M. M. ; LEON, F. A.	Qualis nao identificado	I Encontro Regional de Ensino de Ciências
trabalhoCompletoEmCongresso	 	2017		DIFERENTES OLHARES PARA OS NÚMEROS RACIONAIS EM UM CURSO DE FORMAÇÃO	9 Salão Internacional de Ensino	LEÃO, A. S. G.; MARQUES, C. S. ; CARPES, P. P. G.	Qualis nao identificado	9 Salão Internacional de Ensino
trabalhoCompletoEmCongresso	 	2017		O PARADOXO DA FORMAÇÃO INICIAL CONTINUADA E A PRÁXIS DOCENTE	9 Salão Internacional de Ensino	LEÃO, A. S. G.; PESSANO, E. F. C.	Qualis nao identificado	9 Salão Internacional de Ensino
trabalhoCompletoEmCongresso	 	2017		Potenciação: Análise de Livros Didáticos dos Anos Finais do Ensino Fundamental e 1. Ano do Ensino Médio	VII Congresso Internacional em Ensino de Matemática - CIEM	LUNARDI, M. M. ; ROMIO, L. C.	Qualis nao identificado	VII Congresso Internacional em Ensino de Matemática - CIEM
trabalhoCompletoEmCongresso	 	2017		DO ARROZ AO FEIJÃO: OS EFEITOS ECONÔMICOS DA CESTA BÁSICA NA ECONOMIA DA REGIÃO	9 Salão Internacional de Ensino	MUZY, G. A. ; LEÃO, A. S. G. ; DIAS, K. R. M. S.	Qualis nao identificado	9 Salão Internacional de Ensino
trabalhoCompletoEmCongresso	 	2017		PROFESSOR REFLEXIVO: NOVAS PERSPECTIVAS DE ENSINO NO AMBIENTE DE SALA DE AULA	10 Salão Internacional de Ensino	MUZY, G. A. ; LEÃO, A. S. G. ; DIAS, K. R. M. S.	Qualis nao identificado	10 Salão Internacional de Ensino
trabalhoCompletoEmCongresso	 	2017	http://dx.doi.org/10.5540/03.2018.006.01.0388	Modelagem Computacional do Acoplamento Hidro-Geomecânico em Prospecção Secundária de Petróleo Aplicado ao Pré-Sal Brasileiro	CNMAC 2017 XXXVII Congresso Nacional de Matemática Aplicada e Computacional	RADTKE, LUIZ C.; MURAD, MARCIO A.	Qualis nao identificado	CNMAC 2017 XXXVII Congresso Nacional de Matemática Aplicada e Computacional
trabalhoCompletoEmCongresso	 	2017		Estudo do Conceito de Taxa de Variação: Análise de Livros Didáticos do Ensino Médio	VII Congresso Internacional em Ensino de Matemática - CIEM	RIOS, D. M. ; ROMIO, L. C.	Qualis nao identificado	VII Congresso Internacional em Ensino de Matemática - CIEM
trabalhoCompletoEmCongresso	 	2017		Nova Abordagem para a Estimativa do Fluxo de Calor no Solo para o Bioma Pampa	X Workshop Brasileiro de Micrometeorologia	ROMIO, L. C.; ZIMMER, T. ; ROBERTI, D. R. ; BULIGON, L.	Qualis nao identificado	X Workshop Brasileiro de Micrometeorologia
trabalhoCompletoEmCongresso	 	2017		A Argumentação na Abordagem do Pensamento Funcional no Ensino Médio: Uma análise de atividades presentes em um livro didático de matemática	Congresso Internacional de Ensino da Matemática	SILVA, J. G ; MAGGIO, D.P ; NEHRING, C. M.	Qualis nao identificado	Congresso Internacional de Ensino da Matemática
trabalhoCompletoEmCongresso	 	2017		Diferentes Interpretações do Número Racional: Uma Análise de Livros Didáticos	VII Congresso Internacional em Ensino de Matemática - CIEM	STIVANIN, V. P. ; SOARES, M. A. S. ; ROMIO, L. C.	Qualis nao identificado	VII Congresso Internacional em Ensino de Matemática - CIEM
trabalhoCompletoEmCongresso	 	2017		A ABORDAGEM DO CONCEITO DE NÚMEROS RACIONAIS: EXPLORANDO O SOFTWARE JFRACTIONLAB	Congresso Internacional de Ensino de Matemática	TRINDADE, D. S. ; SANTOS, P. A. ; CARPES, P.P.G	Qualis nao identificado	Congresso Internacional de Ensino de Matemática
trabalhoCompletoEmCongresso	 	2017		Estudo da Condutividade Térmica do Solo em Relação ao Teor de Umidade no Solo em uma Área de Pastagem no Bioma Pampa	X Workshop Brasileiro de Micrometeorologia	ZIMMER, T. ; SOUZA, V. A. ; ROMIO, L. C. ; BULIGON, L. ; ROBERTI, D. R. ; MOREIRA, V. S.	Qualis nao identificado	X Workshop Brasileiro de Micrometeorologia
trabalhoCompletoEmCongresso	 	2016		Produtos culturais destinados ao público feminino e à natureza feminina: análise da ação do discurso	8º Salão Internacional de Ensino	ALVES, A. J. L. ; LIMA, A. B. ; LOVATO, C. S.	Qualis nao identificado	8º Salão Internacional de Ensino
trabalhoCompletoEmCongresso	 	2016		Google Drive como Ferramenta Pedagógica: uma proposta colaborativa no âmbito do Pibid	V Escola de Inverno de Educação Matemática 3º Encontro Nacional PIBID-MATEMÁTICA	BRAGANCA, G. M. ; CERETA, A. S. ; KEHLER, G. S.	Qualis nao identificado	V Escola de Inverno de Educação Matemática 3º Encontro Nacional PIBID-MATEMÁTICA
trabalhoCompletoEmCongresso	 	2016		UNIESCOLA: uma proposta de integração entre universidade e escola	Salão Internacional de Ensino	CAMARGO, M. ; LOVATO, C. S.	Qualis nao identificado	Salão Internacional de Ensino
trabalhoCompletoEmCongresso	 	2016		Formação Matemática de Professores Polivalentes: Uma Reflexão acerca de Produções Brasileiras	XII Encontro Nacional de Educação Matemática - XII ENEM	CERETA, A. S. ; ROMIO, L. C. ; MARIANI, R. C. P.	Qualis nao identificado	XII Encontro Nacional de Educação Matemática - XII ENEM
trabalhoCompletoEmCongresso	 	2016		Mortes Provocadas por Aids: uma Análise Tendencial em Âmbito Brasileiro via Mínimos Quadrados	XXII Encontro Regional de Estudantes de Matemática do Sul	DIAS, N. C. ; ALDERETE, A. C. ; SILVEIRA, K. B. V. ; DELATORRE, L. G.	Qualis nao identificado	XXII Encontro Regional de Estudantes de Matemática do Sul
trabalhoCompletoEmCongresso	 	2016		Formação de Professores Polivalentes: Uma Pesquisa acerca do Conhecimento Matemático	XII Encontro Nacional de Educação Matemática - XII ENEM	DICETTI, T. S. ; CERETA, A. S. ; ROMIO, L. C. ; MARIANI, R. C. P.	Qualis nao identificado	XII Encontro Nacional de Educação Matemática - XII ENEM
trabalhoCompletoEmCongresso	 	2016		Geometria Espacial: Mapeamento das Produções Brasileiras relacionadas ao Pensamento Geométrico	VI Jornada Nacional de Educação Matemática - JEM e XIX Jornada Regional de Educação Matemática	FERNER, D. L. ; ROMIO, L. C. ; SOARES, M. A. S.	Qualis nao identificado	VI Jornada Nacional de Educação Matemática - JEM e XIX Jornada Regional de Educação Matemática
trabalhoCompletoEmCongresso	 	2016		Geometria Espacial: Análise de uma Coleção de Livros Didáticos do Ensino Médio	XII Encontro Nacional de Educação Matemática - XII ENEM	FERNER, D. L. ; ROMIO, L. C. ; SOARES, M. A. S. ; MARIANI, R. C. P.	Qualis nao identificado	XII Encontro Nacional de Educação Matemática - XII ENEM
trabalhoCompletoEmCongresso	 	2016		Representações de gêneros sociais: análise da imagem em exemplares da revista Jornal da Mulher	8 º Salão Internacional de Ensino	LIMA, A. B. ; ALVES, A. J. L. ; LOVATO, C. S.	Qualis nao identificado	8 º Salão Internacional de Ensino
trabalhoCompletoEmCongresso	 	2016		Aprimoramento de Intervalo de Confiança para Razão de Chances em Experimentos de Mistura por meio do Modelo de Regressão Simplex	22º SINAPE	LISKA, G. R.; HUMADA, G. G. ; CIRILLO, M. A. ; MENEZES, F. S. ; BEIJO, Luiz Alberto	Qualis nao identificado	22º SINAPE
trabalhoCompletoEmCongresso	 	2016		Mapeamento de Pesquisas que Utilizam o Referencial dos Registros de Representação Semiótica - RRS: A produção em periódicos brasileiros	XII ENEM - Encontro Nacional de Educação Matemática	MAGGIO, D. P.; NEHRING, C. M.	Qualis nao identificado	XII ENEM - Encontro Nacional de Educação Matemática
trabalhoCompletoEmCongresso	 	2016		Elaboração de Ferramenta para Realização do Cadastro Técnico Multifinalitário	12. Congresso de Cadastro Técnico Multifinalitário e Gestão Territorial - COBRAC	OGASSAWARA, J. F. ; KOLLAND JR, M. ; ROMIO, L. C. ; LOPES, A. B. ; SILVA, R. M.	Qualis nao identificado	12. Congresso de Cadastro Técnico Multifinalitário e Gestão Territorial - COBRAC
trabalhoCompletoEmCongresso	 	2016		Equações Diferenciais e o Modelo Matemático do Número de Acadêmicos Evadidos no Curso de Agronomia	XXII Encontro Regional de Estudantes de Matemática do Sul	REUSE, J. S. ; HAJAR, E. S. A. ; SILVEIRA, K. B. V.	Qualis nao identificado	XXII Encontro Regional de Estudantes de Matemática do Sul
trabalhoCompletoEmCongresso	 	2016		Um Bom Professor de Matemática: o que pensam e narram alguns estudantes do ensino médio?	V Escola de Inverno de Educação Matemática 3º Encontro Nacional PIBID-MATEMÁTICA	REUSE, J. S. ; KEHLER, G. S.	Qualis nao identificado	V Escola de Inverno de Educação Matemática 3º Encontro Nacional PIBID-MATEMÁTICA
trabalhoCompletoEmCongresso	 	2016		Estimativa do Saldo de Radiação utilizando Identificação de Sistemas	7. MCSul - Conferência Sul em Modelagem Computacional	ROMIO, L. C.; ROBERTI, D. R.	Qualis nao identificado	7. MCSul - Conferência Sul em Modelagem Computacional
trabalhoCompletoEmCongresso	 	2016		INVESTIGAÇÃO SOBRE OS SUBSUNÇORES DE GEOMETRIA PRESENTES NOS ESTUDANTES DO ENSINO MÉDIO	8 Salão Internacional de Ensino	SILVA, A. L. ; CARPES, P. P. G. ; LEÃO, A. S. G. ; SANTOS, G. N.	Qualis nao identificado	8 Salão Internacional de Ensino
trabalhoCompletoEmCongresso	 	2016		Argumentação nas Pesquisas Brasileiras em Educação Matemática: Um olhar para os referenciais teóricos	VI Jornada Nacional de Educação Matemática e XIX Jornada Regional de Educação Matemática	SILVA, J. G ; MAGGIO, D. P. ; NEHRING, C. M.	Qualis nao identificado	VI Jornada Nacional de Educação Matemática e XIX Jornada Regional de Educação Matemática
trabalhoCompletoEmCongresso	 	2016		O Conceito de Função Exponencial e Logarítmica nas Pesquisas em Educação Matemática: Um Olhar para o Ensino Médio Regular	VI Jornada Nacional de Educação Matemática - JEM e XIX Jornada Regional de Educação Matemática	SILVA, J. G. ; MINHOS, M. R. ; SOARES, M. A. S. ; ROMIO, L. C.	Qualis nao identificado	VI Jornada Nacional de Educação Matemática - JEM e XIX Jornada Regional de Educação Matemática
trabalhoCompletoEmCongresso	 	2016		Números Racionais: Um Mapeamento em Revistas Eletrônicas de Educação Matemática	VI Jornada Nacional de Educação Matemática - JEM e XIX Jornada Regional de Educação Matemática	STIVANIN, V. P. ; SOARES, M. A. S. ; ROMIO, L. C.	Qualis nao identificado	VI Jornada Nacional de Educação Matemática - JEM e XIX Jornada Regional de Educação Matemática
resumoExpandidoEmCongresso	 	2018	?Corpos Estranhos? na (re)produção da educação cultural indígena e da docência	10º Salão Internacional de Ensino, Pesquisa e Extensão (Siepe), 2018. 10º Salão Internacional de Ensino, Pesquisa e Extensão (Siepe). Bagé: Unipampa	ALDERETTE, R. B. ; KEHLER, G. S.	Qualis nao identificado	10º Salão Internacional de Ensino, Pesquisa e Extensão (Siepe), 2018. 10º Salão Internacional de Ensino, Pesquisa e Extensão (Siepe). Bagé: Unipampa
resumoExpandidoEmCongresso	 	2018	A importância das atividades de monitoria de uma componente curricular em três turmas de estatística	10º SIEPE, 2018, Santana do Livramento. Anais do Salão Internacional de Ensino, Pesquisa e Extensão	ELESBAO, I. S. ; LISKA, GILBERTO RODRIGUES	Qualis nao identificado	10º SIEPE, 2018, Santana do Livramento. Anais do Salão Internacional de Ensino, Pesquisa e Extensão
resumoExpandidoEmCongresso	 	2018	Ensino médio no brasil, reformar para (não) mudar? uma breve revisão bibliográfica	10º Salão Internacional de Ensino, Pesquisa e Extensão (Siepe), 2018. 10º Salão Internacional de Ensino, Pesquisa e Extensão (Siepe). Bagé: Unipampa	GIROTO, L. V. ; KEHLER, G. S.	Qualis nao identificado	10º Salão Internacional de Ensino, Pesquisa e Extensão (Siepe), 2018. 10º Salão Internacional de Ensino, Pesquisa e Extensão (Siepe). Bagé: Unipampa
resumoExpandidoEmCongresso	 	2018	Distribuição generalizada de Pareto aplicada à análise de eventos extremos de precipitação pluviométrica em Uruguaiana-RS	10º SIEPE, 2018, Santana do Livramento. Anais do Salão Internacional de Ensino, Pesquisa e Extensão	MARTINS, A. L. A. ; LISKA, GILBERTO RODRIGUES	Qualis nao identificado	10º SIEPE, 2018, Santana do Livramento. Anais do Salão Internacional de Ensino, Pesquisa e Extensão
resumoExpandidoEmCongresso	 	2018	Modelos probabilísticos aplicados na estimativa de precipitações pluviométricas intensas em Santa Maria, RS	10º SIEPE, 2018, Santana do Livramento. Anais do Salão Internacional de Ensino, Pesquisa e Extensão	MIRES, P. A. ; LISKA, GILBERTO RODRIGUES	Qualis nao identificado	10º SIEPE, 2018, Santana do Livramento. Anais do Salão Internacional de Ensino, Pesquisa e Extensão
resumoExpandidoEmCongresso	 	2018	Violência contra a mulher no município de Itaqui/RS: perfis socioeconômico e sociocultural de vítimas e agressores	http://publicase.unipampa.edu.br/index.php/siepe/article/view/34507/19941, 2018, Santana do Livramento. Anais do 10º SIEPE	MOTTA, Vanessa Salaibe ; LOVATO, C. S.	Qualis nao identificado	http://publicase.unipampa.edu.br/index.php/siepe/article/view/34507/19941, 2018, Santana do Livramento. Anais do 10º SIEPE
resumoExpandidoEmCongresso	 	2018	Paradigma da complexidade e educação escolar contemporânea	10º Salão Internacional de Ensino, Pesquisa e Extensão (Siepe), 2018. 10º Salão Internacional de Ensino, Pesquisa e Extensão (Siepe). Bagé: Unipampa	PINTO, T. H. ; GIROTO, L. V. ; KEHLER, G. S.	Qualis nao identificado	10º Salão Internacional de Ensino, Pesquisa e Extensão (Siepe), 2018. 10º Salão Internacional de Ensino, Pesquisa e Extensão (Siepe). Bagé: Unipampa
resumoExpandidoEmCongresso	 	2018	LaTeX: desvendando novas ferramentas para a edição e apresentação de textos científicos	10º Salão Internacional de Ensino, Pesquisa e Extensão, 2018, Santana do Livramento. Anais do Salão Internacional de Ensino, Pesquisa e Extensão	RODRIGUES, R. A. ; GRACES, M. J. ; CARA, E. R. ; SANTOS, A. D.	Qualis nao identificado	10º Salão Internacional de Ensino, Pesquisa e Extensão, 2018, Santana do Livramento. Anais do Salão Internacional de Ensino, Pesquisa e Extensão
resumoExpandidoEmCongresso	 	2018	Monitoria na Disciplina de Cálculo Diferencial e Integral	10º Salão Internacional de Ensino, Pesquisa e Extensão, 2018, Santana do Livramento. Anais do Salão Internacional de Ensino, Pesquisa e Extensão	SOUZA, E. K. M. ; SANTOS, A. D. ; CARA, E. R.	Qualis nao identificado	10º Salão Internacional de Ensino, Pesquisa e Extensão, 2018, Santana do Livramento. Anais do Salão Internacional de Ensino, Pesquisa e Extensão
resumoExpandidoEmCongresso	 	2018	Estimativa da Condutividade Térmica do Solo em uma Área de Pastagem sobre o Bioma Pampa	XX Congresso Brasileiro de Meteorologia - CBMet, 2018, Maceio-AL. Anais do XX Congresso Brasileiro de Meteorologia - CBMet	ZIMMER, T. ; SOUZA, V. A. ; ROMIO, L. C. ; BULIGON, L. ; ROBERTI, D. R.	Qualis nao identificado	XX Congresso Brasileiro de Meteorologia - CBMet, 2018, Maceio-AL. Anais do XX Congresso Brasileiro de Meteorologia - CBMet
resumoExpandidoEmCongresso	 	2017	JOGOS LÓGICOS MATEMÁTICOS: UMA FORMA LÚDICA DE ENSINAR	IX Salão Internacional de Ensino, Pesquisa e Extensão, 2017, Santana do Livramento. Anais do IX Salão Internacional de Ensino, Pesquisa e Extensão	ALDERETE, K. C. ; CARPES, P.P.G ; NUNES, A. E. S. ; ALDERETE, R. B. ; TOJA, L.	Qualis nao identificado	IX Salão Internacional de Ensino, Pesquisa e Extensão, 2017, Santana do Livramento. Anais do IX Salão Internacional de Ensino, Pesquisa e Extensão
resumoExpandidoEmCongresso	 	2017	DETERMINAÇÃO DO NÍVEL MÉDIO DA LUMINOSIDADE DE MACARRÃO SEM GLÚTEN FORMULADO COM MANDIOCA E AMARANTO	9º Salão Internacional de Ensino, Pesquisa e Extensão, 2017, Santana do Livramento. Anais do SIEPE. Bagé: UNIPAMPA	ALMEIDA, G. M. ; LISKA, G.R. ; FIORDA, F. A. ; FONSECA, J. P. A. C.	Qualis nao identificado	9º Salão Internacional de Ensino, Pesquisa e Extensão, 2017, Santana do Livramento. Anais do SIEPE. Bagé: UNIPAMPA
resumoExpandidoEmCongresso	 	2017	LÚDICO: JOGOS PARA O ESTUDO E FIXAÇÃO DE CONTEÚDOS	9º Salão Internacional de Ensino, Pesquisa e Extensão, 2017, Santana do Livramento. Iniciação Científica | Extensão | Apresentação Pôster	AMARAL, D. M. V. ; SILVEIRA, K. B. V.	Qualis nao identificado	9º Salão Internacional de Ensino, Pesquisa e Extensão, 2017, Santana do Livramento. Iniciação Científica | Extensão | Apresentação Pôster
resumoExpandidoEmCongresso	 	2017	APLICAÇÃO DA TEORIA DE VALORES EXTREMOS AOS DADOS DE VELOCIDADE DE VENTO, EM URUGUAIANA, RS	9º Salão Internacional de Ensino, Pesquisa e Extensão, 2017, Santana do Livramento. Anais do 9º SIEPE. Bagé: UNIPAMPA	ANANIAS, D. R. S. ; LISKA, G.R.	Qualis nao identificado	9º Salão Internacional de Ensino, Pesquisa e Extensão, 2017, Santana do Livramento. Anais do 9º SIEPE. Bagé: UNIPAMPA
resumoExpandidoEmCongresso	 	2017	O RACIOCÍNIO PROBABILÍSTICO DESENVOLVIDO ATRAVÉS DO JOGO	IX Salão Internacional de Ensino, Pesquisa e Extensão, 2017, Santana do Livramento. Anais IX Salão Internacional de Ensino, Pesquisa e Extensão	AZEVEDO, P. M. ; LUNARDI, M. M. ; CARPES, P.P.G	Qualis nao identificado	IX Salão Internacional de Ensino, Pesquisa e Extensão, 2017, Santana do Livramento. Anais IX Salão Internacional de Ensino, Pesquisa e Extensão
resumoExpandidoEmCongresso	 	2017	Curiosidades Matemáticas como Forma de Despertar o Interesse dos Jovens na Ciência e Profissão	Salão Internacional de Ensino, Pesquisa e Extensão, 2017, Santana do Livramento. Anais do Salão Internacional de Ensino, Pesquisa e Extensão	BARATTO, P. F. B. ; PAROLIN, R. S.	Qualis nao identificado	Salão Internacional de Ensino, Pesquisa e Extensão, 2017, Santana do Livramento. Anais do Salão Internacional de Ensino, Pesquisa e Extensão
resumoExpandidoEmCongresso	 	2017	TESTES DE ADERÊNCIA APLICADOS NO AJUSTAMENTO DA DISTRIBUIÇÃO NORMAL ÀS NOTAS MÉDIAS DE DUAS TURMAS	9º Salão Internacional de Ensino, Pesquisa e Extensão, 2017, Santana do Livramento. Anais do SIEPE. Bagé: UNIPAMPA	ELESBAO, I. S. ; LISKA, G.R.	Qualis nao identificado	9º Salão Internacional de Ensino, Pesquisa e Extensão, 2017, Santana do Livramento. Anais do SIEPE. Bagé: UNIPAMPA
resumoExpandidoEmCongresso	 	2017	TEORIA DE VALORES EXTREMOS APLICADA NA ANÁLISE DE EMPERATURA MÁXIMA EM URUGUAIANA, RS	9º Salão Internacional de Ensino, Pesquisa e Extensão, 2017, Santana do Livramento. Anais do SIEPE. Bagé: UNIPAMPA	FERREIRA, R. V. C. ; LISKA, G.R.	Qualis nao identificado	9º Salão Internacional de Ensino, Pesquisa e Extensão, 2017, Santana do Livramento. Anais do SIEPE. Bagé: UNIPAMPA
resumoExpandidoEmCongresso	 	2017	ANÁLISE ESTATÍSTICA DO ÍNDICE DE EXPANSÃO DE SNACKS FORMULADOS COM FÉCULA E FARINHA DE MANDIOCA	9º Salão Internacional de Ensino, Pesquisa e Extensão, 2017, Santana do Livramento. Anais do 9º SIEPE. Bagé: UNIPAMPA	FONSECA, J. P. A. C. ; LISKA, G.R. ; ALMEIDA, G. M. ; FIORDA, F. A.	Qualis nao identificado	9º Salão Internacional de Ensino, Pesquisa e Extensão, 2017, Santana do Livramento. Anais do 9º SIEPE. Bagé: UNIPAMPA
resumoExpandidoEmCongresso	 	2017	ANÁLISE ESTATÍSTICA DAS ATIVIDADES DE MONITORIA DE UMA COMPONENTE CURRICULAR DO CAMPUS ITAQUI, UNIPAMPA	9º Salão Internacional de Ensino, Pesquisa e Extensão, 2017, Santana do Livramento. Anais do SIEPE. Bagé: UNIPAMPA	PIEGAS, M. E. F. ; LISKA, G.R.	Qualis nao identificado	9º Salão Internacional de Ensino, Pesquisa e Extensão, 2017, Santana do Livramento. Anais do SIEPE. Bagé: UNIPAMPA
resumoExpandidoEmCongresso	 	2017	DIFERENTES OLHARES PARA OS NÚMEROS RACIONAIS EM UM CURSO DE FORMAÇÃO	9 Salão de Ensino, Pesquisa e Extensão, 2017, Santana do Livramento. Anais do IX Salão de Ensino, Pesquisa e Extensão	RAYLLA, K. ; LEAO, A. S. G. ; MUZY, G. A. ; CARPES, P.P.G	Qualis nao identificado	9 Salão de Ensino, Pesquisa e Extensão, 2017, Santana do Livramento. Anais do IX Salão de Ensino, Pesquisa e Extensão
resumoExpandidoEmCongresso	 	2017	ANÁLISE DE PRECIPITAÇÕES PLUVIOMÉTRICAS EXTREMAS NO MUNICÍPIO DE URUGUAIANA-RS	9º Salão Internacional de Ensino, Pesquisa e Extensão, 2017, Santana do Livramento. Anais do 9º SIEPE. Bagé: UNIPAMPA	SALDANHA, L. E. ; LISKA, G.R.	Qualis nao identificado	9º Salão Internacional de Ensino, Pesquisa e Extensão, 2017, Santana do Livramento. Anais do 9º SIEPE. Bagé: UNIPAMPA
resumoExpandidoEmCongresso	 	2017	INTERPRETAÇÃO DE GRÁFICOS NO ENSINO MÉDIO	IX Salão Internacional de Ensino, Pesquisa e Extensão, 2017, Santana do Livramento. Anais do IX Salão Internacional de Ensino, Pesquisa e Extensão	SANTOS, G. C. ; CARPES, P.P.G	Qualis nao identificado	IX Salão Internacional de Ensino, Pesquisa e Extensão, 2017, Santana do Livramento. Anais do IX Salão Internacional de Ensino, Pesquisa e Extensão
resumoExpandidoEmCongresso	 	2017	NOÇÕES DE FUNÇÃO: ANÁLISE DE LIVRO DIDÁTICO	IX Salão de Ensino, Pesquisa e Extensão, 2017, Santana do Livramento. Anais do IX Salão de Ensino, Pesquisa e Extensão	SANTOS, G. N. ; CARPES, P.P.G	Qualis nao identificado	IX Salão de Ensino, Pesquisa e Extensão, 2017, Santana do Livramento. Anais do IX Salão de Ensino, Pesquisa e Extensão
resumoExpandidoEmCongresso	 	2017	O ENSINO DE SIMETRIA POR MEIO DA RESOLUÇÃO DE PROBLEMAS COM MOSAICOS	IX Salão Internacional de Ensino, Pesquisa e Extensão, 2017, Santana do Livramento. Anais do IX Salão Internacional de Ensino, Pesquisa e Extensão	SANTOS, P. A. ; CARPES, P.P.G	Qualis nao identificado	IX Salão Internacional de Ensino, Pesquisa e Extensão, 2017, Santana do Livramento. Anais do IX Salão Internacional de Ensino, Pesquisa e Extensão
resumoExpandidoEmCongresso	 	2017	NÁLISE GEOESTATÍSTICA DA PROBABILIDADE DE OCORRÊNCIA DE ENCHENTES NO MUNICÍPIO DE ITAQUIRS	9º Salão Internacional de Ensino, Pesquisa e Extensão, 2017, Santana do Livramento. Anais do 9º SIEPE. Bagé: UNIPAMPA	SILVA, S. T. ; LISKA, G.R. ; SILVA, R. M. ; BACURI, A. P. S. C. ; SALES, T. G. ; OLIVEIRA, L. J. C.	Qualis nao identificado	9º Salão Internacional de Ensino, Pesquisa e Extensão, 2017, Santana do Livramento. Anais do 9º SIEPE. Bagé: UNIPAMPA
resumoExpandidoEmCongresso	 	2017	REGRA DE L?HÔPITAL: RESOLUÇÃO DE LIMITES DE FUNÇÕES	9º Salão Internacional de Ensino, Pesquisa e Extensão Unipampa, 2017, Santana do Livramento. Iniciação Científica | Pesquisa | Apresentação Oral	SOARES, A. T. ; SILVEIRA, K. B. V.	Qualis nao identificado	9º Salão Internacional de Ensino, Pesquisa e Extensão Unipampa, 2017, Santana do Livramento. Iniciação Científica | Pesquisa | Apresentação Oral
resumoExpandidoEmCongresso	 	2016	INTEGRAÇÃO POR PARTES: RESOLUÇÃO DE INTEGRAIS IMPRÓPRIAS PARA A OBTENÇÃO DO DÉBITO CARDÍACO	VIII Salão Internacional de Ensino, Pesquisa e Extensão, 2016, Uruguaiana. SALÃO DE PESQUISA - Orais	ALDERETE, A. C. ; SILVEIRA, K. B. V.	Qualis nao identificado	VIII Salão Internacional de Ensino, Pesquisa e Extensão, 2016, Uruguaiana. SALÃO DE PESQUISA - Orais
resumoExpandidoEmCongresso	 	2016	UMA NOVA PERSPECTIVA PARA PRODUÇÃO DE HORTALIÇAS SUSTENTÁVEL: ROBÔ COM SENSORES PARA MEDIR VARIÁVEIS AMBIENTAIS	VIII Salão Internacional de Ensino, Pesquisa e Extensão, 2016, Uruguaiana. SALÃO DE PESQUISA - Orais	ARRUDA, S. F. ; MUNIEWEG, R. A. ; MEUS, E. N. ; SILVEIRA, K. B. V.	Qualis nao identificado	VIII Salão Internacional de Ensino, Pesquisa e Extensão, 2016, Uruguaiana. SALÃO DE PESQUISA - Orais
resumoExpandidoEmCongresso	 	2016	ACESSIBILIDADE E TECNOLOGIA ASSISTIVA: RELATO DE EXPERIÊNCIA DE UM ACADÊMICO PORTADOR DE PARALISIA CEREBRAL	VII Salão Internacional de Ensino, Pesquisa e Extensão, 2016, Alegrete. Salão de Ensino	ARRUDA, S. F. ; SILVEIRA, K. B. V.	Qualis nao identificado	VII Salão Internacional de Ensino, Pesquisa e Extensão, 2016, Alegrete. Salão de Ensino
resumoExpandidoEmCongresso	 	2016	Era Digital e Conhecimento: efeitos sob seres algoritmados	8º Salão Internacional de Ensino, Pesquisa e Extensão ? Universidade Federal do Pampa, 2016, Uruguaiana/RS. 8º Salão Internacional de Ensino, Pesquisa e Extensão ? Universidade Federal do Pampa. Uruguaiana: Unipampa	BRAGANCA, G. M. ; KEHLER, G. S.	Qualis nao identificado	8º Salão Internacional de Ensino, Pesquisa e Extensão ? Universidade Federal do Pampa, 2016, Uruguaiana/RS. 8º Salão Internacional de Ensino, Pesquisa e Extensão ? Universidade Federal do Pampa. Uruguaiana: Unipampa
resumoExpandidoEmCongresso	 	2016	INTRODUÇÃO DO SOFTWARE GEOGEBRA 3D NO ENSINO MÉDIO: UMA PROPOSTA COLABORATIVA DO PIBID	Salão Internacional de Ensino, Pesquisa e Extensão, 2016, Uruguaiana. Anais do Salão Internacional de Ensino, Pesquisa e Extensão	BRAGANCA, G. M. ; SANTOS, G. N. ; CARPES, P.P.G	Qualis nao identificado	Salão Internacional de Ensino, Pesquisa e Extensão, 2016, Uruguaiana. Anais do Salão Internacional de Ensino, Pesquisa e Extensão
resumoExpandidoEmCongresso	 	2016	Curso Normal e Conhecimento Matemático: processos formativos em debate	Salão Internacional de Ensino, Pesquisa e Extensão, 2016, Uruguaiana. Salão Internacional de Ensino, Pesquisa e Extensão (ISSN: 2317-3203)	CERETA, A. S. ; COSTA, J. M.	Qualis nao identificado	Salão Internacional de Ensino, Pesquisa e Extensão, 2016, Uruguaiana. Salão Internacional de Ensino, Pesquisa e Extensão (ISSN: 2317-3203)
resumoExpandidoEmCongresso	 	2016	MODELO DO CUSTO DA PRODUÇÃO DO LITRO DE LEITE	VIII Salão Internacional de Ensino, Pesquisa e Extensão, 2016, Uruguaiana. SALÃO DE PESQUISA - Orais	DIAS, N. C. ; SILVEIRA, K. B. V.	Qualis nao identificado	VIII Salão Internacional de Ensino, Pesquisa e Extensão, 2016, Uruguaiana. SALÃO DE PESQUISA - Orais
resumoExpandidoEmCongresso	 	2016	REDUÇÃO DO CONSUMO DE ENERGIA NA UNIPAMPA: AQUECIMENTO DE ÁGUA NA SEDE DO CAMPUS ITAQUI	VIII Salão Internacional de Ensino, Pesquisa e Extensão, 2016, Uruguaiana. SALÃO DE PESQUISA - Orais	HAJAR, E. S. A. ; SILVEIRA, K. B. V.	Qualis nao identificado	VIII Salão Internacional de Ensino, Pesquisa e Extensão, 2016, Uruguaiana. SALÃO DE PESQUISA - Orais
resumoExpandidoEmCongresso	 	2016	Aplicação da técnica Bootstrap na determinação do tamanho ótimo de parcela em experimento com soja	22º SINAPE, 2016, Porto Alegre. Anais do 22º SINAPE	HUMADA, G. G. ; MORAIS, A. R. ; BRUZI, A. T. ; LISKA, G. R. ; SILVA, C.	Qualis nao identificado	22º SINAPE, 2016, Porto Alegre. Anais do 22º SINAPE
resumoExpandidoEmCongresso	 	2016	Monitoria de Componentes Curriculares de Cálculo Diferencial e Integral na UNIPAMPA - Campus Itaqui	Salão Internacional de Ensino, Pesquisa e Extensão, 2016, Uruguaiana. Anais do Salão Internacional de Ensino, Pesquisa e Extensão	KELLER, K. M. ; PAROLIN, R. S.	Qualis nao identificado	Salão Internacional de Ensino, Pesquisa e Extensão, 2016, Uruguaiana. Anais do Salão Internacional de Ensino, Pesquisa e Extensão
resumoExpandidoEmCongresso	 	2016	Índices de Desempenho da Educação Básica no Município de Itaqui	I Mostra de Extensão da Unipampa - Campus Itaqui, 2016, Itaqui. Anais da I Mostra de Extensão da Unipampa - Campus Itaqui	LEON, F. A. ; PAROLIN, R. S. ; CARPES, C. Q.	Qualis nao identificado	I Mostra de Extensão da Unipampa - Campus Itaqui, 2016, Itaqui. Anais da I Mostra de Extensão da Unipampa - Campus Itaqui
resumoExpandidoEmCongresso	 	2016	Universidade e Escola: Divulgar para Motivar	Salão Internacional de Ensino, Pesquisa e Extensão, 2016, Uruguaiana. Anais do Salão Internacional de Ensino, Pesquisa e Extensão	LEON, F. A. ; PAROLIN, R. S. ; CARPES, C. Q. ; CARPES, P. P. G.	Qualis nao identificado	Salão Internacional de Ensino, Pesquisa e Extensão, 2016, Uruguaiana. Anais do Salão Internacional de Ensino, Pesquisa e Extensão
resumoExpandidoEmCongresso	 	2016	Descrição sensorial de cultivares resistentes à ferrugem Coffea arábica L. por meio de métodos de análise multivariada	22º SINAPE, 2016, Porto Alegre. Anais do 22º SINAPE	LISKA, G. R.; FASSIO, L. O. ; HUMADA, G. G. ; LISKA, E. R. ; CIRILLO, M. A. ; MALTA, M. R.	Qualis nao identificado	22º SINAPE, 2016, Porto Alegre. Anais do 22º SINAPE
resumoExpandidoEmCongresso	 	2016	Análise das operações metadiscursivas e discursivas na resolução de um problema algébrico	Salão do Conhecimento-XXI Jornada de Pesquisa, 2016, IJuí. Ciência Alimentando o Brasil. Ijuí: UNIJUÍ	MAGGIO, D. P.; NEHRING, C. M.	Qualis nao identificado	Salão do Conhecimento-XXI Jornada de Pesquisa, 2016, IJuí. Ciência Alimentando o Brasil. Ijuí: UNIJUÍ
resumoExpandidoEmCongresso	 	2016	Funções a partir de Grandezas Geométricas II	Salão Internacional de Ensino, Pesquisa e Extensão, 2016, Uruguaiana. Anais do Salão Internacional de Ensino, Pesquisa e Extensão	MARTINS, V. E. ; PAROLIN, R. S.	Qualis nao identificado	Salão Internacional de Ensino, Pesquisa e Extensão, 2016, Uruguaiana. Anais do Salão Internacional de Ensino, Pesquisa e Extensão
resumoExpandidoEmCongresso	 	2016	ESTRUTURA PARA APLICAÇÃO EM ROBÔ PARA PRODUÇÃO DE HORTALIÇAS SUSTENTÁVEL	VIII Salão Internacional de Ensino, Pesquisa e Extensão, 2016, Uruguaiana. SALÃO DE PESQUISA - Orais	MUNIEWEG, R. A. ; ARRUDA, S. F. ; MEUS, E. N. ; SILVEIRA, K. B. V.	Qualis nao identificado	VIII Salão Internacional de Ensino, Pesquisa e Extensão, 2016, Uruguaiana. SALÃO DE PESQUISA - Orais
resumoExpandidoEmCongresso	 	2016	Noções de formação humana no currículo de matemática	8º Salão de Internacional de Ensino, Pesquisa e Extensão - Universidade Federal do Pampa, 2016, Uruguaiana/RS.. 8º Salão de Internacional de Ensino, Pesquisa e Extensão - Universidade Federal do Pampa. Uruguaiana: Unipampa	SANTOS, G. N. ; KEHLER, G. S.	Qualis nao identificado	8º Salão de Internacional de Ensino, Pesquisa e Extensão - Universidade Federal do Pampa, 2016, Uruguaiana/RS.. 8º Salão de Internacional de Ensino, Pesquisa e Extensão - Universidade Federal do Pampa. Uruguaiana: Unipampa
resumoExpandidoEmCongresso	 	2016	Percepção dos acadêmicos em relação ao uso do software GeoGebra na abordagem de jogos	Salão Internacional de Ensino, Pesquisa e Extensão, 2016, Uruguaiana. Anais do Salão Internacional de Ensino, Pesquisa e Extensão	SANTOS, P. A. ; CARPES, P.P.G ; CERETA, A. S. ; TRINDADE, D. S. ; FERNER, D. L. ; STIVANIN, V. P.	Qualis nao identificado	Salão Internacional de Ensino, Pesquisa e Extensão, 2016, Uruguaiana. Anais do Salão Internacional de Ensino, Pesquisa e Extensão
resumoExpandidoEmCongresso	 	2016	Um modelo discreto espacialmente estruturado para dinâmica populacional	8º Salão Internacional de Ensino, Pesquisa e Extensão, 2016, Uruguaiana. Anais do Salão Internacional de Ensino, Pesquisa e Extensão	SILVA, A. L. ; CARA, E. R.	Qualis nao identificado	8º Salão Internacional de Ensino, Pesquisa e Extensão, 2016, Uruguaiana. Anais do Salão Internacional de Ensino, Pesquisa e Extensão
resumoExpandidoEmCongresso	 	2016	INVESTIGAÇÃO SOBRE OS SUBSUNÇORES DE GEOMETRIA PRESENTES NOS ESTUDANTES DO ENSINO MÉDIO	Salão Internacional de Ensino, Pesquisa e Extensão, 2016, Uruguaiana. Anais do Salão Internacional de Ensino, Pesquisa e Extensão	SILVA, A. L. ; CARPES, P.P.G ; SANTOS, G. N. ; LEAO, A. S. G.	Qualis nao identificado	Salão Internacional de Ensino, Pesquisa e Extensão, 2016, Uruguaiana. Anais do Salão Internacional de Ensino, Pesquisa e Extensão
resumoExpandidoEmCongresso	 	2016	(Re) Significação Matemática: O que é? por que ensinar? como se ensina e se aprende?	8º Salão Internacional de Ensino, Pesquisa e Extensão (SIEPE), 2016, Uruguaiana/RS. 8º Salão Internacional de Ensino, Pesquisa e Extensão (SIEPE). Uruguaiana: Unipampa	SILVA, A. L. ; KEHLER, G. S.	Qualis nao identificado	8º Salão Internacional de Ensino, Pesquisa e Extensão (SIEPE), 2016, Uruguaiana/RS. 8º Salão Internacional de Ensino, Pesquisa e Extensão (SIEPE). Uruguaiana: Unipampa
resumoExpandidoEmCongresso	 	2016	Os significados e os significantes do conceito de função nas pesquisas brasileiras em educação matemática: um olhar para os referenciais teóricos	Salão do Conhecimento-XXIV Seminário de Iniciação Científica, 2016, Ijuí. Ciência Alimentando o Brasil. Ijuí: Unijuí	SILVA, J. G ; MAGGIO, D. P.	Qualis nao identificado	Salão do Conhecimento-XXIV Seminário de Iniciação Científica, 2016, Ijuí. Ciência Alimentando o Brasil. Ijuí: Unijuí
resumoExpandidoEmCongresso	 	2016	Equação do 1º grau: uma proposta de retomada através de jogos	Salão Internacional de Ensino, Pesquisa e Extensão, 2016, Uruguaiana. Anais do Salão Internacional de Ensino, Pesquisa e Extensão	SOARES JUNIOR, E. S. ; PERES, D. G. ; CARPES, P.P.G	Qualis nao identificado	Salão Internacional de Ensino, Pesquisa e Extensão, 2016, Uruguaiana. Anais do Salão Internacional de Ensino, Pesquisa e Extensão
resumoExpandidoEmCongresso	 	2016	Articulações críticas entre filosofia da educação, sociedade e cidadania	8º Salão Internacional de Ensino, Pesquisa e Extensão ? Universidade Federal do Pampa, 2016, Uruguaiana/RS.. 8º Salão Internacional de Ensino, Pesquisa e Extensão ? Universidade Federal do Pampa. Uruguaiana: Unipampa	TALHAFERRO, M. M. ; KEHLER, G. S.	Qualis nao identificado	8º Salão Internacional de Ensino, Pesquisa e Extensão ? Universidade Federal do Pampa, 2016, Uruguaiana/RS.. 8º Salão Internacional de Ensino, Pesquisa e Extensão ? Universidade Federal do Pampa. Uruguaiana: Unipampa
resumoExpandidoEmCongresso	 	2016	POTENCIALIZANDO O CONCEITO DE NÚMEROS NATURAIS POR MEIO DA RESOLUÇÃO DE PROBLEMAS	Salão Internacional de Ensino, Pesquisa e Extensão, 2016, Uruguaiana. Anais do Salão Internacional de Ensino, Pesquisa e Extensão	TRINDADE, D. S. ; CARPES, P.P.G	Qualis nao identificado	Salão Internacional de Ensino, Pesquisa e Extensão, 2016, Uruguaiana. Anais do Salão Internacional de Ensino, Pesquisa e Extensão
