artigoEmPeriodico	Ana Carolina Gomes Miranda	2018	1579-1513		Trends in teaching and learning of the intermolecular forces from the analysis of publications in national and international journals.	REEC. REVISTA ELECTRÓNICA DE ENSEÑANZA DE LAS CIENCIAS	MIRANDA, A. C. G.; BRAIBANTE.M.E.F ; PAZINATO, M. S.	A2	
artigoEmPeriodico	Ana Carolina Gomes Miranda	2017	2174-6486		ESTABILIDADE QUÍMICA: UM OBSTÁCULO PARA A CONSTRUÇÃO DO CONHECIMENTO EM LIGAÇÕES QUÍMICAS.	ENSEÑANZA DE LAS CIENCIAS	PAZINATO, M. S. ; BRAIBANTE, M. E. F. ; MIRANDA, A. C. G.	A1	
artigoEmPeriodico	Ana Carolina Gomes Miranda	2017	0212-4521		Concepções alternativas sobre Forças Intermoleculares: um estudo a partir das publicações da área de Ensino	Ensenanza de Las Ciencias	MIRANDA, A. C. G.; BRAIBANTE, M. E. F. ; PAZINATO, M. S.	A1	ENSEÑANZA DE LAS CIENCIAS
artigoEmPeriodico	Ana Carolina Gomes Miranda	2017	0212-4521		Estabilidade química: um obstáculo para a construção do conhecimento em ligações químicas	Ensenanza de Las Ciencias	PAZINATO, M. S. ; BRAIBANTE, M. E. F. ; MIRANDA, A. C. G.	A1	ENSEÑANZA DE LAS CIENCIAS
artigoEmPeriodico	Ana Carolina Gomes Miranda	2017	1982-2413		Nail polish: a theme for the construction of chemical knowledge of organic functions	EXPERIÊNCIAS EM ENSINO DE CIÊNCIAS (UFRGS)	REIS, M. T. ; BRAIBANTE, M. E. F. ; MIRANDA, A. C. G.	B1	
artigoEmPeriodico	Ana Carolina Gomes Miranda	2017	2238-2380		GENERATING THEMES THROUGH A FREIRE?S THEMATIC: CONTRIBUTIONS TO SCIENCE TEACHIN	REVISTA DE EDUCAÇÃO, CIÊNCIAS E MATEMÁTICA	MIRANDA, A. C. G.; PAZINATO, M. S. ; BRAIBANTE, M. E. F.	B2	
artigoEmPeriodico	Ana Carolina Gomes Miranda	2017	2238-2380		Temas geradores através de uma abordagem temática freireana: contribuições para o Ensino de Ciências	REVISTA DE EDUCAÇÃO, CIÊNCIAS E MATEMÁTICA	MIRANDA, A. C. G.; PAZINATO, M. S. ; BRAIBANTE, M. E. F.	B2	
artigoEmPeriodico	Ana Carolina Gomes Miranda	2016	2447-6099		Os recursos visuais utilizados pelos livros didáticos na abordagem das ligações químicas: uma avaliação quanto a sequência didática e ao grau de iconicidade	Revista Debates em Ensino de Química	PAZINATO, M. S. ; FREITAS, R. T. G. ; BRAIBANTE, M. E. F. ; MIRANDA, A. C. G.	B5	REVISTA DEBATES EM ENSINO DE QUÍMICA
artigoEmPeriodico	Ana Carolina Gomes Miranda	2016	2178-7727		Análise dos recursos visuais utilizados no capítulo de ligações químicas dos livros didáticos do PNLD 2015	Revista Acta Scientiae	PAZINATO, M. S. ; MIRANDA, A. C. G. ; BRAIBANTE.M.E.F ; FREITAS, R. T. G.	B2	REVISTA ACTA SCIENTIAE
trabalhoCompletoEmCongresso	Ana Carolina Gomes Miranda	2017		INOVAÇÕES NO ENSINO: CARTUNS COMO UM INSTRUMENTO PARA ABORDAGEM DE QUÍMICA ORGÂNICA NO ENSINO MÉDIO	37º Encontro de Debates sobre o Ensino de Química	ANTUNES, A. A. ; FREITAS, R. T. G. ; MIRANDA, A. C. G. ; PAZINATO, M. S.	Qualis nao identificado	37º Encontro de Debates sobre o Ensino de Química
trabalhoCompletoEmCongresso	Ana Carolina Gomes Miranda	2016		Concepções epistemológicas de um grupo de professores da Educação Básica	36º Encontro de Debates sobre o ensino de Química	MIRANDA, A. C. G.; BRAIBANTE.M.E.F ; PAZINATO, M. S.	Qualis nao identificado	36º Encontro de Debates sobre o ensino de Química
trabalhoCompletoEmCongresso	Ana Carolina Gomes Miranda	2016		Modelos representacionais das ligações químicas: uma análise nos livros didáticos	Modelos representacionais das ligações químicas: uma análise nos livros didáticos	PAZINATO, M. S. ; FREITAS, R. T. G. ; BRAIBANTE, M. E. F. ; MIRANDA, A. C. G.	Qualis nao identificado	Modelos representacionais das ligações químicas: uma análise nos livros didáticos
artigoEmPeriodico	Cadidja Coutinho	2018	1809-1636		PROMOÇÃO DA SAÚDE E O USO DE PLANTAS MEDICINAIS NO CONTEXTO ESCOLAR: UM RELATO DE CASO	VIVÊNCIAS (URI. ERECHIM)	BRIZZOLLA, J. C. ; COUTINHO, C. ; AMARAL, C. P. ; GINDRI, A. L.	B5	
artigoEmPeriodico	Cadidja Coutinho	2017	1806-1230	http://dx.doi.org/10.5020/18061230.2017.p5	Promovendo educa??o em sa?de no espa?o n?o formal de aprendizagem	REVISTA BRASILEIRA EM PROMOÇÃO DA SAÚDE (ONLINE)	SOARES GUERIN, CINTIA ; COUTINHO, CADIDJA ; MARTINS DAMACENO, FELIPPE ; MARTINS SOARES, NANDRA ; PIRES FRIGO, JIAM ; MARTINS SOARES, LIZANDRA	B5	
artigoEmPeriodico	Cadidja Coutinho	2017	1809-1636		REFLEXÕES SOBRE A DIMENSÃO E OS ASPECTOS PEDAGÓGICOS DA EDUCAÇÃO AMBIENTAL EM UM GRUPO DE EDUCADORES	VIVÊNCIAS (URI. ERECHIM)	COUTINHO, C.; RUPPENTHAL, R. ; LANCANOVA, A. R. ; ADAIME, M. B.	B5	
artigoEmPeriodico	Cadidja Coutinho	2017	1981-1764		Gestão ambiental na escola: Estratégias pedagógicas para a formação docente e discente	REVISTA BRASILEIRA DE EDUCAÇÃO AMBIENTAL (ONLINE)	COUTINHO, C.; MORO, C. F. S. ; SOARES GUERIN, CINTIA	B3	
artigoEmPeriodico	Cadidja Coutinho	2017	1809-1636		UMA INVESTIGAÇÃO SOBRE AS POSSIBILIDADES DE ENSINO DE GENÉTICA DE POPULAÇÕES NO ENSINO MÉDIO	VIVÊNCIAS (URI. ERECHIM)	FLORES, A. L. D. ; COUTINHO, C.	B5	
artigoEmPeriodico	Cadidja Coutinho	2017	2448-4148		Metodologias ativas de aprendizagem e o ensino de Ciências	Multiciência Online	COUTINHO, C.; NASCIMENTO, T. E.	Qualis nao identificado	Multiciência Online
artigoEmPeriodico	Cadidja Coutinho	2016	2448-4148		MEU PRATO PREFERIDO: Promovendo hábitos alimentares saudáveis em crianças em idade escolar	Revista Multiciência Online	MACHADO, B. T. R. ; COUTINHO, C. ; RUPPENTHAL, R.	Qualis nao identificado	Revista Multiciência Online
artigoEmPeriodico	Cadidja Coutinho	2016	2448-4148		A leitura e a escrita como promotoras de alfabetização científica	Revista Multiciência Online	RUPPENTHAL, R. ; COUTINHO, C.	Qualis nao identificado	Revista Multiciência Online
artigoEmPeriodico	Cadidja Coutinho	2016	2448-4148		Estratégias pedagógicas para formação de um ideário ecológico no Ensino de Ciências	Revista Multiciência Online	COUTINHO, C.; RUPPENTHAL, R. ; ADAIME, M. B.	Qualis nao identificado	Revista Multiciência Online
artigoEmPeriodico	Cadidja Coutinho	2016	2179-460X	http://dx.doi.org/10.5902/2179460X22551	PENTÁCULO AMBIENTAL: INSTRUMENTO PARA VERIFICAÇÃO DAS ATITUDES AMBIENTAIS	Ciência e Natura	COUTINHO, CADIDJA; RUPPENTHAL, RAQUEL ; ADAIME, MARTHA BOHRER ; MACHADO MACHADO, MARCOS VINICIOS	C	CIÊNCIA E NATURA
artigoEmPeriodico	Cadidja Coutinho	2016	1983-0378		CULTURA E EDUCAÇÃO CIENTÍFICA: ALTERNATIVAS PEDAGÓGICAS PARA INSERÇÃO DO MULTICULTURALISMO NA FORMAÇÃO INICIAL DE PROFESSORES	Signos	COUTINHO, C.; RUPPENTHAL, R.	Qualis nao identificado	Signos
artigoEmPeriodico	Cadidja Coutinho	2016	2448-4148		Orientações sobre o descarte seguro de medicamentos: uma investigação em sala de aula	Revista Multiciência Online	ASSIS, J. N. M. ; DONINI, E. K. ; COUTINHO, C. ; ALBERTI, F. F.	Qualis nao identificado	Revista Multiciência Online
artigoEmPeriodico	Camila Aparecida Tolentino Cicuto	2018	1809-3264		Gestão de Práticas Sustentáveis: uma experiência na Educação do Campo	Revista Querubim (Online)	VIEIRA, R. M. R. ; DUSO, L. ; MOURA, A. C. de O. S. de ; FERNANDES, V. F. ; CICUTO, C. A. T.	B3	REVISTA QUERUBIM (ONLINE)
artigoEmPeriodico	Camila Aparecida Tolentino Cicuto	2018	0124-5481		Methodology of Trees and concept maps: paths that integrate and articulate Environmental Education and Science Teaching	REVISTA DE EDUCACION DE LAS CIENCIAS	MOURA, A. C. de O. S. de ; CICUTO, C. A. T. ; MONTEIRO, A. F. ; ANCINI, A. C. ; GONC#807 ; BATISTA, Z. G. ; ROSA, S. M.	A2	
artigoEmPeriodico	Camila Aparecida Tolentino Cicuto	2017	0212-4521		Uma abordagem centrada no aluno em Bioquímica: estudo sobre a avaliação da qualidade do ensino	Ensenanza de Las Ciencias	CICUTO, C. A. T.; TORRES, B. B.	A1	ENSEÑANZA DE LAS CIENCIAS
artigoEmPeriodico	Camila Aparecida Tolentino Cicuto	2017	0212-4521		Ambiente de aprendizagem centrado no aluno: um estudo sobre expectativas	Ensenanza de Las Ciencias	CICUTO, C. A. T.; TORRES, B. B.	A1	ENSEÑANZA DE LAS CIENCIAS
artigoEmPeriodico	Camila Aparecida Tolentino Cicuto	2016	1938-1328	http://dx.doi.org/10.1021/acs.jchemed.5b00965	Implementing an active learning environment to influence students motivation in Biochemistry	Journal of Chemical Education	CICUTO, C. A. T.; TORRES, B. B.	Qualis nao identificado	Journal of Chemical Education
trabalhoCompletoEmCongresso	Camila Aparecida Tolentino Cicuto	2018		Proposta interdisciplinar em ciências da natureza: investigando uma mostra científica no ensino médio	38º Encontro de Debates sobre o Ensino de Química (EDEQ)	SANTOS, H. G. ; CICUTO, C. A. T.	Qualis nao identificado	38º Encontro de Debates sobre o Ensino de Química (EDEQ)
trabalhoCompletoEmCongresso	Camila Aparecida Tolentino Cicuto	2017		Desenvolvimento de uma metodologia para caracterização da resolução de problemas envolvendo representações visuais da estrutura tridimensional de moléculas	XI Encontro Nacional de Pesquisa em Educação em Ciências	AYRES, C. ; CONSOLI, R. A. ; CRUZ, G. N. ; CICUTO, C. A. T. ; MARSON, G. A.	Qualis nao identificado	XI Encontro Nacional de Pesquisa em Educação em Ciências
trabalhoCompletoEmCongresso	Camila Aparecida Tolentino Cicuto	2017		Concepções de estudantes do Ensino Médio sobre Tabela Periódica	37º EDEQ - Encontros de Debates sobre o Ensino de Química	VIANNA, N. S. ; CICUTO, C. A. T. ; PAZINATO, M. S.	Qualis nao identificado	37º EDEQ - Encontros de Debates sobre o Ensino de Química
resumoExpandidoEmCongresso	Camila Aparecida Tolentino Cicuto	2018	Levantamento da avifauna como ferramenta de conservação ambiental	10º Salão Internacional de Ensino, Pesquisa e Extensão (Siepe), 2018, Santana do Livramento. Anais do 10º Salão Internacional de Ensino, Pesquisa e Extensão (Siepe)	MOREIRA, C. L. ; SEGABINAZZI, L. R. ; JONER, G. ; DEBLE, L. P. ; CICUTO, C. A. T. ; BALBUENA, H. F. F.	Qualis nao identificado	10º Salão Internacional de Ensino, Pesquisa e Extensão (Siepe), 2018, Santana do Livramento. Anais do 10º Salão Internacional de Ensino, Pesquisa e Extensão (Siepe)
resumoExpandidoEmCongresso	Camila Aparecida Tolentino Cicuto	2018	Uso de Histórias em Quadrinhos para o ensino do Bioma Pampa nas séries iniciais	10º Salão Internacional de Ensino, Pesquisa e Extensão (Siepe), 2018, Santana do Livramento. Anais do 10º Salão Internacional de Ensino, Pesquisa e Extensão (Siepe)	MACHADO, B. L. ; MOREIRA, C. L. ; JONER, G. ; CICUTO, C. A. T.	Qualis nao identificado	10º Salão Internacional de Ensino, Pesquisa e Extensão (Siepe), 2018, Santana do Livramento. Anais do 10º Salão Internacional de Ensino, Pesquisa e Extensão (Siepe)
resumoExpandidoEmCongresso	Camila Aparecida Tolentino Cicuto	2018	Uso de Histórias em Quadrinhos para a educação alimentar nas séries iniciais	10º Salão Internacional de Ensino, Pesquisa e Extensão (Siepe), 2018, Santana do Livramento. Anais do 10º Salão Internacional de Ensino, Pesquisa e Extensão (Siepe)	MACHADO, B. L. ; CICUTO, C. A. T.	Qualis nao identificado	10º Salão Internacional de Ensino, Pesquisa e Extensão (Siepe), 2018, Santana do Livramento. Anais do 10º Salão Internacional de Ensino, Pesquisa e Extensão (Siepe)
resumoExpandidoEmCongresso	Camila Aparecida Tolentino Cicuto	2018	Espaços de ensino-aprendizagem em Educação ambiental e Ensino de Ciências	10º Salão Internacional de Ensino, Pesquisa e Extensão (Siepe), 2018, Santa do Livramento. Anais do 10º Salão Internacional de Ensino, Pesquisa e Extensão (Siepe)	SANTOS, M. A. M. ; CICUTO, C. A. T.	Qualis nao identificado	10º Salão Internacional de Ensino, Pesquisa e Extensão (Siepe), 2018, Santa do Livramento. Anais do 10º Salão Internacional de Ensino, Pesquisa e Extensão (Siepe)
resumoExpandidoEmCongresso	Camila Aparecida Tolentino Cicuto	2017	Ambiente de aprendizagem inovador: estudo sobre motivação para aprender em um componente curricular de Química	9 Salão Internacional de ensino, pesquisa e extensão -SIEPE, 2017, Santana do Livramento. Anais do 9 Salão Internacional de ensino, pesquisa e extensão -SIEPE	OLIVEIRA, L. E. ; CICUTO, C. A. T. ; FREITAS, R. T. G. ; ANTUNES, A. A. ; PAZINATO, M. S.	Qualis nao identificado	9 Salão Internacional de ensino, pesquisa e extensão -SIEPE, 2017, Santana do Livramento. Anais do 9 Salão Internacional de ensino, pesquisa e extensão -SIEPE
resumoExpandidoEmCongresso	Camila Aparecida Tolentino Cicuto	2017	Motivação para aprender no contexto de um curso de Ciências da Natureza - Licenciatura	9 Salão Internacional de ensino, pesquisa e extensão -SIEPE, 2017, Santana do Livramento. Anais do 9 Salão Internacional de ensino, pesquisa e extensão -SIEPE	FREITAS, R. T. G. ; PAZINATO, M. S. ; CICUTO, C. A. T.	Qualis nao identificado	9 Salão Internacional de ensino, pesquisa e extensão -SIEPE, 2017, Santana do Livramento. Anais do 9 Salão Internacional de ensino, pesquisa e extensão -SIEPE
resumoExpandidoEmCongresso	Camila Aparecida Tolentino Cicuto	2017	Interdisciplinaridade na área de Ciências de Natureza: um estudo de caso no Ensino Médio	9 Salão Internacional de ensino, pesquisa e extensão -SIEPE, 2017, Santana do Livramento. Anais do 9 Salão Internacional de ensino, pesquisa e extensão -SIEPE	SANTOS, H. G. ; CICUTO, C. A. T. ; VOSS, D. M. S.	Qualis nao identificado	9 Salão Internacional de ensino, pesquisa e extensão -SIEPE, 2017, Santana do Livramento. Anais do 9 Salão Internacional de ensino, pesquisa e extensão -SIEPE
resumoExpandidoEmCongresso	Camila Aparecida Tolentino Cicuto	2016	Uma abordagem centrada no aluno para ensinar química e energia: desafios na Educação do Campo	Salão Internacional de Ensino, Pesquisa e Extensão (Siepe), 2016, Uruguaina. Anais do 8° Salão Internacional de Ensino, Pesquisa e Extensão (Siepe)	RUFINO, S. E. V. T. ; CICUTO, C. A. T.	Qualis nao identificado	Salão Internacional de Ensino, Pesquisa e Extensão (Siepe), 2016, Uruguaina. Anais do 8° Salão Internacional de Ensino, Pesquisa e Extensão (Siepe)
artigoEmPeriodico	Crisna Daniela Krause Bierhalz	2018	2175-6600	http://dx.doi.org/10.28998/2175-6600.2018v10n20p199	PROGRAMA INSTITUCIONAL DE BOLSAS DE INICIAÇÃO A DOCÊNCIA: ANÁLISE DAS PUBLICAÇÕES DO ENPEC	DEBATES EM EDUCAÇÃO	FONSECA, ERIL MEDEIROS DA ; BIERHALZ, Daniela Krause	B5	
artigoEmPeriodico	Crisna Daniela Krause Bierhalz	2018	2448-3583		O CONTEXTO LOCAL COMO ELO ENTRE CIÊNCIAS DA NATUREZA E EDUCAÇÃO DO CAMPO	Educação e Formação	FONSECA. Eril M. ; BIERHALZ, Crisna Daniela K.	Qualis nao identificado	Educação e Formação
artigoEmPeriodico	Crisna Daniela Krause Bierhalz	2018	1809-3264		CONCEPÇÕES DOS PROFESSORES DO MUNICÍPIO DE DOM PEDRITO ?RS SOBRE A TEMÁTICA PLANTAS MEDICINAIS	Revista Querubim (Online)	FERREIRA, V. E. M. ; BIERHALZ, Crisna Daniela K. ; LUZ, F. A.	B3	REVISTA QUERUBIM (ONLINE)
artigoEmPeriodico	Crisna Daniela Krause Bierhalz	2018	1809-3264		PORTFÓLIO: UMA ANÁLISE ACERCA DAS CONCEPÇÕES TEÓRICAS	Revista Querubim (Online)	MENA, L. P. ; BIERHALZ, Crisna Daniela K.	B3	REVISTA QUERUBIM (ONLINE)
artigoEmPeriodico	Crisna Daniela Krause Bierhalz	2017	2177-6954		POSSÍVEIS RECONFIGURAÇÕES PARA UMA ?AULA DIFERENTE? NA PERSPECTIVA DA EDUCAÇÃO INTEGR	Informe C3	DIAS, L. F. ; VIANNA, N. S. ; OLIVEIRA, C. A. I. ; BIERHALZ, Crisna Daniela K.	Qualis nao identificado	Informe C3
artigoEmPeriodico	Crisna Daniela Krause Bierhalz	2017	2448-3583		OS FÓRUNS COMO ESTRATÉGIA DIDÁTICA PARA A CONSTRUÇÃO DO CONHECIMENTO	Educação&Formação	BIERHALZ, Crisna Daniela K.; FELCHER, C. D. O. ; DIAS, L. F.	Qualis nao identificado	Educação&Formação
artigoEmPeriodico	Crisna Daniela Krause Bierhalz	2017	1809-3264		A concepção dos educandos da educação de jovens e adultos sobre portfólio	Revista Querubim (Online)	STOLL, V. G. ; BIERHALZ, Crisna Daniela K.	B3	REVISTA QUERUBIM (ONLINE)
artigoEmPeriodico	Crisna Daniela Krause Bierhalz	2017	2447-6099		Esmaltes de Unhas como Temática para o Ensino de Ciências da Natureza	REVISTA DEBATES EM ENSINO DE QUÍMICA	SILVA, L. G. ; BIERHALZ, Crisna Daniela K.	B5	
artigoEmPeriodico	Crisna Daniela Krause Bierhalz	2017	1809-3264		Professores de ciências da natureza: levantamento sobre a formação continuada da rede municipal de Dom Pedrito/RS	Revista Querubim (Online)	FONSECA. Eril M. ; BIERHALZ, Crisna Daniela K. ; DUSO, L.	B3	REVISTA QUERUBIM (ONLINE)
artigoEmPeriodico	Crisna Daniela Krause Bierhalz	2016	2179-4588		EMEF Sepé Tiarajú - uma escola do campo e para o campo	CCNExt - Revista de Extensão	FONSECA. Eril M. ; BIERHALZ, Crisna Daniela K.	Qualis nao identificado	CCNExt - Revista de Extensão
artigoEmPeriodico	Crisna Daniela Krause Bierhalz	2016	2179-4588		Trajetória da Docência no Campo: narrativa como uma abrodagem de investigação	CCNExt - Revista de Extensão	SANTOS, L. Q. G. ; BIERHALZ, Crisna Daniela K.	Qualis nao identificado	CCNExt - Revista de Extensão
artigoEmPeriodico	Crisna Daniela Krause Bierhalz	2016	2525-4863		Discutindo articulações entre ensino de Ciências e Educação do Campo através da análise dos cadernos	REvista Brasileira de Educação do campo	FONSECA. Eril M. ; BIERHALZ, Crisna Daniela K.	B2	REVISTA BRASILEIRA DE EDUCAÇÃO DO CAMPO
trabalhoCompletoEmCongresso	Crisna Daniela Krause Bierhalz	2017		INTERDISCIPLINARIDADE E HISTÓRIAS EM QUADRINHOS: CONCEPÇÕES DOS BOLSISTAS PIBID - CIÊNCIAS DA NATUREZA	II Jornada Ibero-Americana de Pesquisas em Políticas Educacionais e Experiências Interdisciplinares na Educação	FERREIRA, V. E. M. ; SILVA, L. G. ; ANTUNES, A. A. ; Crisna Daniela Krause Bierhalz	Qualis nao identificado	II Jornada Ibero-Americana de Pesquisas em Políticas Educacionais e Experiências Interdisciplinares na Educação
trabalhoCompletoEmCongresso	Crisna Daniela Krause Bierhalz	2017		INTEGRANDO E EXPLORANDO AS TECNOLOGIAS DIGITAIS NA FORMAÇÃO DE PROFESSORES DE MATEMÁTICA DA UAB	XIV Congresso Brasileiro de Ensino Superior a Distância; III Congresso Internacional de Ensino a Distância	FELCHER, C. D. O. ; BIERHALZ, Crisna Daniela K. ; PINTO, A. C. ; DIAS, L. F. ; FERREIRA, A. L. A.	Qualis nao identificado	XIV Congresso Brasileiro de Ensino Superior a Distância; III Congresso Internacional de Ensino a Distância
trabalhoCompletoEmCongresso	Crisna Daniela Krause Bierhalz	2016		O Ensino de Ciências e Educação Ambiental: considerando as múltiplas tessituras na construção do conhecimento nas escolas do campo	9 Encontro Internacional de Educação	BIERHALZ, Crisna Daniela K	Qualis nao identificado	9 Encontro Internacional de Educação
trabalhoCompletoEmCongresso	Crisna Daniela Krause Bierhalz	2016		UMA PROPOSTA CIENTÍFICA PARA O ENSINO DE CIÊNCIAS DA NATUREZA - SEXUALIDADE	III Encontro de Pesquisas e Práticas em Educação do Campo da Paraíba; II Seminário de Pesquisas e Práticas do Curso de Pedagogia - Educação do Campo	OSORIO, T. R. ; FONSECA. Eril M. ; BIERHALZ, Crisna Daniela K.	Qualis nao identificado	III Encontro de Pesquisas e Práticas em Educação do Campo da Paraíba; II Seminário de Pesquisas e Práticas do Curso de Pedagogia - Educação do Campo
trabalhoCompletoEmCongresso	Crisna Daniela Krause Bierhalz	2016		O ENSINO DE CIÊNCIAS E EDUCAÇÃO AMBIENTAL: CONSIDERANDO AS MÚLTIPLAS TESSITURAS NA CONSTRUÇÃO DO CONHECIMENTO NAS ESCOLAS DO CAMPO	III Encontro de Pesquisas e Práticas em Educação do Campo da Paraíba; II Seminário de Pesquisas e Práticas do Curso de Pedagogia - Educação do Campo	SANTOS, L. Q. G. ; OSORIO, T. R. ; BIERHALZ, Crisna Daniela K.	Qualis nao identificado	III Encontro de Pesquisas e Práticas em Educação do Campo da Paraíba; II Seminário de Pesquisas e Práticas do Curso de Pedagogia - Educação do Campo
trabalhoCompletoEmCongresso	Crisna Daniela Krause Bierhalz	2016		Extensão Universitária através do Programa Novos Talentos: teclando saberes, conectando gerações	III Seminário Nacional de Pesquisa e Extensão Popular	BIERHALZ, Crisna Daniela K.; SANTOS, L. Q. G. ; KIESLARCK, G. M. ; VARGAS, I. O.	Qualis nao identificado	III Seminário Nacional de Pesquisa e Extensão Popular
trabalhoCompletoEmCongresso	Crisna Daniela Krause Bierhalz	2016		Laboratório Funcional: a Experimentação na Construção de saberes Científicos	36 º EDEQ - Encontro de Debates sobre o Ensino de Química	MENA, L. P. ; ESPINDOLA, Q. C. ; BIERHALZ, Crisna Daniela K.	Qualis nao identificado	36 º EDEQ - Encontro de Debates sobre o Ensino de Química
trabalhoCompletoEmCongresso	Crisna Daniela Krause Bierhalz	2016		Educação de Jovens e Adultos: os desafios dos Graduandos de um curso de Licenciatura em Ciências da Natureza no Ensino de Química	XVIII ENEQ - Encontro Nacional de Ensino de Quimica	STOLL, V. G. ; ESPINDOLA, Q. C. ; BIERHALZ, Crisna Daniela K.	Qualis nao identificado	XVIII ENEQ - Encontro Nacional de Ensino de Quimica
resumoExpandidoEmCongresso	Crisna Daniela Krause Bierhalz	2017	Drogas: Um projeto de ensino com viés social	XIX Forum de Estudos: Leituras de Paulo Freire, 2017, Rio Grande. Anais do XIX Forum de Estudos: Leituras de Paulo Freire	ESPINDOLA, Q. C. ; BIERHALZ, Crisna Daniela K.	Qualis nao identificado	XIX Forum de Estudos: Leituras de Paulo Freire, 2017, Rio Grande. Anais do XIX Forum de Estudos: Leituras de Paulo Freire
resumoExpandidoEmCongresso	Crisna Daniela Krause Bierhalz	2017	O Portfólio como instrumento investigativo e reflexivo no PIBID Ciências da Natureza	XIX Forum de Estudos: Leituras de Paulo Freire, 2017, Rio Grande. Anais do XIX Forum de Estudos: Leituras de Paulo Freire	STOLL, V. G. ; BIERHALZ, Crisna Daniela K.	Qualis nao identificado	XIX Forum de Estudos: Leituras de Paulo Freire, 2017, Rio Grande. Anais do XIX Forum de Estudos: Leituras de Paulo Freire
resumoExpandidoEmCongresso	Crisna Daniela Krause Bierhalz	2017	Portfólio na EJA: contribuições para o Ensino de Ciências	XIX Forum de Estudos: Leituras de Paulo Freire, 2017, Rio Grande. XIX Forum de Estudos: Leituras de Paulo Freire	STOLL, V. G. ; BIERHALZ, Crisna Daniela K.	Qualis nao identificado	XIX Forum de Estudos: Leituras de Paulo Freire, 2017, Rio Grande. XIX Forum de Estudos: Leituras de Paulo Freire
resumoExpandidoEmCongresso	Crisna Daniela Krause Bierhalz	2017	Barrinhas de Cereais: explorando os rótulos no Ensino de Ciências	9 Salão Internacional de Ensino, Pesquisa e Extensão, 2017, S'antana do Livramento. Anais do 9 Salão Internacional de Ensino, Pesquisa e Extensão	MAIA, A. F. ; BIERHALZ, Crisna Daniela K. ; SILVA, L. D. ; TAROUCO, A. R. ; VARGAS, I. O.	Qualis nao identificado	9 Salão Internacional de Ensino, Pesquisa e Extensão, 2017, S'antana do Livramento. Anais do 9 Salão Internacional de Ensino, Pesquisa e Extensão
resumoExpandidoEmCongresso	Crisna Daniela Krause Bierhalz	2017	Rótulos e embalagens alimentícias: do senso comum ao conhecimento científico	9 Salão Internacional de Ensino, Pesquisa e Extensão, 2017, S'antana do Livramento. Anais do 9 Salão Internacional de Ensino, Pesquisa e Extensão	FERREIRA, V. E. M. ; BIERHALZ, Crisna Daniela K. ; SILVA, L. G. ; ANTUNES, A. A. ; LUZ, F. A.	Qualis nao identificado	9 Salão Internacional de Ensino, Pesquisa e Extensão, 2017, S'antana do Livramento. Anais do 9 Salão Internacional de Ensino, Pesquisa e Extensão
resumoExpandidoEmCongresso	Crisna Daniela Krause Bierhalz	2017	Plantas medicinais: um olhar sobre o uso da temática nas séries finais do Ensino Fundamental em Dom Pedrito - RS	9 Salão Internacional de Ensino, Pesquisa e Extensão, 2017, S'antana do Livramento. Anais do 9 Salão Internacional de Ensino, Pesquisa e Extensão	FERREIRA, V. E. M. ; LUZ, F. A. ; BIERHALZ, Crisna Daniela K. ; SILVA, L. G. ; ANTUNES, A. A.	Qualis nao identificado	9 Salão Internacional de Ensino, Pesquisa e Extensão, 2017, S'antana do Livramento. Anais do 9 Salão Internacional de Ensino, Pesquisa e Extensão
resumoExpandidoEmCongresso	Crisna Daniela Krause Bierhalz	2017	Mimetismo ou camuflagem: uma discussão a partir da prova Brasil	9 Salão Internacional de Ensino, Pesquisa e Extensão, 2017, S'antana do Livramento. Anais do 9 Salão Internacional de Ensino, Pesquisa e Extensão	SOUZA, C. T. ; BIERHALZ, Crisna Daniela K. ; ROCHA, C. ; STOLL, V. G. ; CORREA, D. M. ; LUZ, F. A. ; KAUFMANN, L.	Qualis nao identificado	9 Salão Internacional de Ensino, Pesquisa e Extensão, 2017, S'antana do Livramento. Anais do 9 Salão Internacional de Ensino, Pesquisa e Extensão
resumoExpandidoEmCongresso	Crisna Daniela Krause Bierhalz	2017	Concepções dos alunos do ensino Fundamental sobre a experimentação no Ensino de Ciências	9 Salão Internacional de Ensino, Pesquisa e Extensão, 2017, S'antana do Livramento. Anais do 9 Salão Internacional de Ensino, Pesquisa e Extensão	MENA, L. P. ; BIERHALZ, Crisna Daniela K. ; TAROUCO, A. R. ; CHAVES, L. L. ; MOREIRA, M. A. A.	Qualis nao identificado	9 Salão Internacional de Ensino, Pesquisa e Extensão, 2017, S'antana do Livramento. Anais do 9 Salão Internacional de Ensino, Pesquisa e Extensão
resumoExpandidoEmCongresso	Crisna Daniela Krause Bierhalz	2017	Projeto Laboratório Funcional: uma prática da experimentação em sala de aula	9 Salão Internacional de Ensino, Pesquisa e Extensão, 2017, S'antana do Livramento. Anais do 9 Salão Internacional de Ensino, Pesquisa e Extensão	KAUFMANN, L. ; BIERHALZ, Crisna Daniela K. ; STOLL, V. G. ; SOUZA, C. T. ; ALMEIDA, L. C. G. ; CORREA, D. M.	Qualis nao identificado	9 Salão Internacional de Ensino, Pesquisa e Extensão, 2017, S'antana do Livramento. Anais do 9 Salão Internacional de Ensino, Pesquisa e Extensão
resumoExpandidoEmCongresso	Crisna Daniela Krause Bierhalz	2017	No ritmo do videogame: Ciências da Natureza em uma perspectiva inclusiva	9 Salão Internacional de Ensino, Pesquisa e Extensão, 2017, Santana do Livramento. Anais do 9 Salão Internacional de Ensino, Pesquisa e Extensão	OLIVEIRA, C. R. A. ; BIERHALZ, Crisna Daniela K. ; VARGAS, I. O. ; GUNTZEL, F.	Qualis nao identificado	9 Salão Internacional de Ensino, Pesquisa e Extensão, 2017, Santana do Livramento. Anais do 9 Salão Internacional de Ensino, Pesquisa e Extensão
resumoExpandidoEmCongresso	Crisna Daniela Krause Bierhalz	2017	Construindo conceitos de Física: Movimento Retilíneo Uniforme	9 Salão Internacional de Ensino, Pesquisa e Extensão, 2017, Santana do Livramento. Anais do 9 9 Salão Internacional de Ensino, Pesquisa e Extensão	SILVA, L. D. ; BIERHALZ, Crisna Daniela K. ; MAIA, A. F. ; MOREIRA, M. A. A.	Qualis nao identificado	9 Salão Internacional de Ensino, Pesquisa e Extensão, 2017, Santana do Livramento. Anais do 9 9 Salão Internacional de Ensino, Pesquisa e Extensão
resumoExpandidoEmCongresso	Crisna Daniela Krause Bierhalz	2017	Corpo em movimento: uma estratégia que une Ciências e Tecnologia	9 Salão Internacional de Ensino, Pesquisa e Extensão, 2017, Santana do Livramento. Anais do 9 Salão Internacional de Ensino, Pesquisa e Extensão	OLIVEIRA, L. E. ; BIERHALZ, Crisna Daniela K. ; VARGAS, I. O.	Qualis nao identificado	9 Salão Internacional de Ensino, Pesquisa e Extensão, 2017, Santana do Livramento. Anais do 9 Salão Internacional de Ensino, Pesquisa e Extensão
resumoExpandidoEmCongresso	Crisna Daniela Krause Bierhalz	2017	Eu danço, tu danças, nós dançamos... aprendendo de forma interdisciplinar	9 Salão Internacional de Ensino, Pesquisa e Extensão, 2017, Santana do Livramento. 9 Salão Internacional de Ensino, Pesquisa e Extensão	GOMES, F. ; BIERHALZ, Crisna Daniela K. ; VARGAS, I. O.	Qualis nao identificado	9 Salão Internacional de Ensino, Pesquisa e Extensão, 2017, Santana do Livramento. 9 Salão Internacional de Ensino, Pesquisa e Extensão
resumoExpandidoEmCongresso	Crisna Daniela Krause Bierhalz	2017	A contribuição das monitorias na formação de professores de Ciências da Natureza	9 Salão Internacional de Ensino, Pesquisa e Extensão, 2017, Santana do Livramento. Anais do 9 Salão Internacional de Ensino, Pesquisa e Extensão	ANTUNES, A. A. ; CARNEIRO, J. V. ; BIERHALZ, Crisna Daniela K.	Qualis nao identificado	9 Salão Internacional de Ensino, Pesquisa e Extensão, 2017, Santana do Livramento. Anais do 9 Salão Internacional de Ensino, Pesquisa e Extensão
resumoExpandidoEmCongresso	Crisna Daniela Krause Bierhalz	2017	Experimentação no Ensino de Ciências e a Educação Inclusiva: articulações entre teoria e prática	9 Salão Internacional de Ensino, Pesquisa e Extensão, 2017, Santana do Livramento. Anais do 9 Salão Internacional de Ensino, Pesquisa e Extensão	GUNTZEL, F. ; BIERHALZ, Crisna Daniela K. ; OLIVEIRA, C. R. A. ; VARGAS, I. O.	Qualis nao identificado	9 Salão Internacional de Ensino, Pesquisa e Extensão, 2017, Santana do Livramento. Anais do 9 Salão Internacional de Ensino, Pesquisa e Extensão
resumoExpandidoEmCongresso	Crisna Daniela Krause Bierhalz	2017	Medicamento vilão ou mocinho?	9 Salão Internacional de Ensino, Pesquisa e Extensão, 2017, S'antana do Livramento. Anais do 9 Salão Internacional de Ensino, Pesquisa e Extensão	SILVA, L. G. ; BIERHALZ, Crisna Daniela K. ; FERREIRA, V. E. M. ; ANTUNES, A. A.	Qualis nao identificado	9 Salão Internacional de Ensino, Pesquisa e Extensão, 2017, S'antana do Livramento. Anais do 9 Salão Internacional de Ensino, Pesquisa e Extensão
resumoExpandidoEmCongresso	Crisna Daniela Krause Bierhalz	2016	Ensino de Ciências: Coleta Seletiva como tema gerador	8 Salão Intrenacional de Ensino, Pesquisa e Extensão, 2016, Uruguaiana. Anais do 8 Salão Intrenacional de Ensino, Pesquisa e Extensão	SILVA, L. D. ; MAIA, A. F. ; BIERHALZ, Crisna Daniela K.	Qualis nao identificado	8 Salão Intrenacional de Ensino, Pesquisa e Extensão, 2016, Uruguaiana. Anais do 8 Salão Intrenacional de Ensino, Pesquisa e Extensão
resumoExpandidoEmCongresso	Crisna Daniela Krause Bierhalz	2016	Estratégias Educativas: Conversando sobre gravidez na adolescência e métodos contraceptivos	8 Salão Interhnacional de Ensino, Pesquisa e Extensão, 2016, Uruguaiana. Anais do 8 Salão Interhnacional de Ensino, Pesquisa e Extensão	KAUFMANN, L. ; SANTOS, D. S. ; CORREA, D. M. ; BIERHALZ, Crisna Daniela K.	Qualis nao identificado	8 Salão Interhnacional de Ensino, Pesquisa e Extensão, 2016, Uruguaiana. Anais do 8 Salão Interhnacional de Ensino, Pesquisa e Extensão
resumoExpandidoEmCongresso	Crisna Daniela Krause Bierhalz	2016	Laboratório Funcional: Extração de DNA para o Ensino de Ciências	8 Salão Internacional de Ensino, Pesquisa e Extensão, 2016, Uruguaiana - RS. Anais do 8 Salão Internacional de Ensino, Pesquisa e Extensão	MENA, L. P. ; XAVIER, C. S. ; ESPINDOLA, Q. C. ; BIERHALZ, Crisna Daniela K.	Qualis nao identificado	8 Salão Internacional de Ensino, Pesquisa e Extensão, 2016, Uruguaiana - RS. Anais do 8 Salão Internacional de Ensino, Pesquisa e Extensão
resumoExpandidoEmCongresso	Crisna Daniela Krause Bierhalz	2016	Esmaltes de unhas como temática para o Ensino de Ciências da Natureza	8 Salão Internacional de Ensino, Pesquisa e Extensão, 2016, Uruguaiana. Anais do 8 Salão Internacional de Ensino, Pesquisa e Extensão	SILVA, L. G. ; FERREIRA, V. E. M. ; OLIVEIRA, A. E. ; BIERHALZ, Crisna Daniela K.	Qualis nao identificado	8 Salão Internacional de Ensino, Pesquisa e Extensão, 2016, Uruguaiana. Anais do 8 Salão Internacional de Ensino, Pesquisa e Extensão
resumoExpandidoEmCongresso	Crisna Daniela Krause Bierhalz	2016	Desmistificando o universo: a origem da lua	8 Salão Internacional de Ensino, Pesquisa e Extensão, 2016, Uruguaiana. Anais do 8 Salão Internacional de Ensino, Pesquisa e Extensão	SANTOS, D. S. ; KAUFMANN, L. ; FERREIRA, R. V. ; CORREA, D. M. ; BIERHALZ, Crisna Daniela K.	Qualis nao identificado	8 Salão Internacional de Ensino, Pesquisa e Extensão, 2016, Uruguaiana. Anais do 8 Salão Internacional de Ensino, Pesquisa e Extensão
resumoExpandidoEmCongresso	Crisna Daniela Krause Bierhalz	2016	Arco-íris: interligando os conceitos de Física através de uma aprendizagem signficativa	8 Salão Internacional de Ensino, Pesquisa e Extensão, 2016, Uruguaiana. Anais do 8 Salão Internacional de Ensino, Pesquisa e Extensão	XAVIER, C. S. ; MENA, L. P. ; ESPINDOLA, Q. C. ; MOREIRA, M. A. A. ; BIERHALZ, Crisna Daniela K.	Qualis nao identificado	8 Salão Internacional de Ensino, Pesquisa e Extensão, 2016, Uruguaiana. Anais do 8 Salão Internacional de Ensino, Pesquisa e Extensão
resumoExpandidoEmCongresso	Crisna Daniela Krause Bierhalz	2016	Alimentação saudável: velhos e novos hábitos	8 Salão Internacional de Ensino, Pesquisa e Extensão, 2016, Uruguaiana. Anais do 8 Salão Internacional de Ensino, Pesquisa e Extensão	SILVEIRA, I. A. M. ; FONSECA. Eril M. ; OSORIO, T. R. ; BIERHALZ, Crisna Daniela K.	Qualis nao identificado	8 Salão Internacional de Ensino, Pesquisa e Extensão, 2016, Uruguaiana. Anais do 8 Salão Internacional de Ensino, Pesquisa e Extensão
resumoExpandidoEmCongresso	Crisna Daniela Krause Bierhalz	2016	Drogas: Uma proposta por projeto temático	8 Salão Internacional de Ensino, Pesquisa e Extensão, 2016, Uruguaiana. Anais do 8 Salão Internacional de Ensino, Pesquisa e Extensão	ESPINDOLA, Q. C. ; XAVIER, C. S. ; MENA, L. P. ; BIERHALZ, Crisna Daniela K.	Qualis nao identificado	8 Salão Internacional de Ensino, Pesquisa e Extensão, 2016, Uruguaiana. Anais do 8 Salão Internacional de Ensino, Pesquisa e Extensão
resumoExpandidoEmCongresso	Crisna Daniela Krause Bierhalz	2016	A Interdisciplinaridade no PIBID Ciências da Natureza	8 Salão Internacional de Ensino, Pesquisa e Extensão, 2016, Uruguaiana. Anais do 8 Salão Internacional de Ensino, Pesquisa e Extensão	TAROUCO, A. R. ; GUNTZEL, F. ; GOMES, F. ; VARGAS, I. O. ; BIERHALZ, Crisna Daniela K.	Qualis nao identificado	8 Salão Internacional de Ensino, Pesquisa e Extensão, 2016, Uruguaiana. Anais do 8 Salão Internacional de Ensino, Pesquisa e Extensão
resumoExpandidoEmCongresso	Crisna Daniela Krause Bierhalz	2016	PIBID e sua contribuição no processo de ensino aprendizado através do olhar docente	8 Salão Internacional de Ensino, Pesquisa e Extensão, 2016, Uruguaiana. Anais do 8 Salão Internacional de Ensino, Pesquisa e Extensão	OLIVEIRA, L. E. ; BIERHALZ, Crisna Daniela K. ; BASTOS, A. L. S. ; FERREIRA, V. E. M. ; GARCEZ, T.	Qualis nao identificado	8 Salão Internacional de Ensino, Pesquisa e Extensão, 2016, Uruguaiana. Anais do 8 Salão Internacional de Ensino, Pesquisa e Extensão
resumoExpandidoEmCongresso	Crisna Daniela Krause Bierhalz	2016	Contribuições para a pratica pedagógica da Feira de Ciências na perspectiva docente	8 Salão Internacional de Ensino, Pesquisa e Extensão, 2016, Uruguaiana. Anais do 8 Salão Internacional de Ensino, Pesquisa e Extensão	FERREIRA, V. E. M. ; OLIVEIRA, L. E. ; BASTOS, A. L. S. ; BIERHALZ, Crisna Daniela K.	Qualis nao identificado	8 Salão Internacional de Ensino, Pesquisa e Extensão, 2016, Uruguaiana. Anais do 8 Salão Internacional de Ensino, Pesquisa e Extensão
resumoExpandidoEmCongresso	Crisna Daniela Krause Bierhalz	2016	Livro didático de Ciências: concepções dos docentes das escolas municipais de Dom Pedrito - RS	8 Salão Internacional de Ensino, Pesquisa e Extensão, 2016, Uruguaiana. Anais do 8 Salão Internacional de Ensino, Pesquisa e Extensão	SILVA, D. C. ; SANTOS, L. Q. G. ; TRINDADE, F. L. ; VARGAS, I. O. ; BIERHALZ, Crisna Daniela K.	Qualis nao identificado	8 Salão Internacional de Ensino, Pesquisa e Extensão, 2016, Uruguaiana. Anais do 8 Salão Internacional de Ensino, Pesquisa e Extensão
resumoExpandidoEmCongresso	Crisna Daniela Krause Bierhalz	2016	Educação Inclusiva e os desafios no Ensino de Ciências	8 Salão Internacional de Ensino, Pesquisa e Extensão, 2016, Uruguaiana. Anais do 8 Salão Internacional de Ensino, Pesquisa e Extensão	GUNTZEL, F. ; VARGAS, I. O. ; BIERHALZ, Crisna Daniela K.	Qualis nao identificado	8 Salão Internacional de Ensino, Pesquisa e Extensão, 2016, Uruguaiana. Anais do 8 Salão Internacional de Ensino, Pesquisa e Extensão
resumoExpandidoEmCongresso	Crisna Daniela Krause Bierhalz	2016	Atividades desenvolvidas pelo PIBID Subprojeto Ciências da Natureza - Dom Pedrito - RS	8 Salão Internacional de Ensino, Pesquisa e Extensão, 2016, Uruguaiana. Anais do 8 Salão Internacional de Ensino, Pesquisa e Extensão	GOMES, F. ; OLIVEIRA, C. R. A. ; ALMEIDA, L. C. G. ; VARGAS, I. O. ; BIERHALZ, Crisna Daniela K.	Qualis nao identificado	8 Salão Internacional de Ensino, Pesquisa e Extensão, 2016, Uruguaiana. Anais do 8 Salão Internacional de Ensino, Pesquisa e Extensão
artigoEmPeriodico	Daniel Hanke	2018	2236-7934		Educação em agroecologia: do currículo prescrito ao currículo praticado - a experiência do Curso de Educação do Campo - UNIPAMPA	Cadernos Agroecológicos	GONZAGA, J. G. F. ; HANKE, D. ; PUPO, M. A. V. ; DALBIANCO, V. P.	Qualis nao identificado	Cadernos Agroecológicos
artigoEmPeriodico	Daniel Hanke	2017	1806-9657		Aggregate Stability in Soil with Humic and Histic Horizons in a Toposequence under Araucaria Forest	REVISTA BRASILEIRA DE CIÊNCIA DO SOLO (ONLINE)	HANKE, D.; DICK, D. P.	A2	REVISTA BRASILEIRA DE CIÊNCIAS DO ESPORTE (ONLINE)
artigoEmPeriodico	Daniel Hanke	2017	1806-9657		ORGANIC MATTER STOCKS AND THE INTERACTIONS OF HUMIC SUBSTANCES WITH ARAUCARIA MOIST FOREST SOIL METALS WITH HUMIC AND HÍSTIC HORIZONS. REVISTA BRASILEIRA DE CIENCIA DO SOLO	REVISTA BRASILEIRA DE CIÊNCIA DO SOLO (ONLINE)	HANKE, D.; DICK, D. P.	A2	REVISTA BRASILEIRA DE CIÊNCIAS DO ESPORTE (ONLINE)
resumoExpandidoEmCongresso	Daniel Hanke	2018	A UTILIZAÇÃO DE ESPÉCIES FITOTERÁPICAS NATIVAS DO BIOMA PAMPA PARA SAÚDE ANIMAL EM DOM PEDRITO	10º Salão Internacional de Ensino, Pesquisa e Extensão - SIEPE, 2018, Sant`Ana do Livramento. Anais do 10º Salão Internacional de Ensino, Pesquisa e Extensão - SIEPE	BASTOS, F. S. ; NASCIMENTO, S. G. ; HANKE, D. ; SANTOS, D. C. ; RIBEIRO, T.	Qualis nao identificado	10º Salão Internacional de Ensino, Pesquisa e Extensão - SIEPE, 2018, Sant`Ana do Livramento. Anais do 10º Salão Internacional de Ensino, Pesquisa e Extensão - SIEPE
resumoExpandidoEmCongresso	Daniel Hanke	2018	Determinação do potencial hidrogeniônico de biocarvões produzidos a partir de diferentes fontes de biomassa vegetal	X Salão Internacional de Ensino Pesquisa e Extensão, 2018, Sant`Ana do Livramento. Anais do X Salão Internacional de Ensino Pesquisa e Extensão	RIBEIRO, T. ; HANKE, D. ; NASCIMENTO, S. G. ; PEDROSO, A. L. B.	Qualis nao identificado	X Salão Internacional de Ensino Pesquisa e Extensão, 2018, Sant`Ana do Livramento. Anais do X Salão Internacional de Ensino Pesquisa e Extensão
resumoExpandidoEmCongresso	Daniel Hanke	2018	AÇÕES AGROECOLÓGICAS, CONSTRUÇÃO DO CONHECIMENTO EM EDUCAÇÃO AMBIENTAL, MANEJO E CONSERVAÇÃO DO SOLO	X Salão Internacional de Ensino Pesquisa e Extensão, 2018, Sant`Ana do Livramento. Anais do X Salão Internacional de Ensino Pesquisa e Extensão	SEGNORIN, G. ; SANTOS, D. C. ; SEVERO, M. ; HANKE, D. ; NASCIMENTO, S. G.	Qualis nao identificado	X Salão Internacional de Ensino Pesquisa e Extensão, 2018, Sant`Ana do Livramento. Anais do X Salão Internacional de Ensino Pesquisa e Extensão
resumoExpandidoEmCongresso	Daniel Hanke	2018	Lentes do Pampa: o rural sob diferentes percepções	I Colóquio de Extensão Rural e Desenvolvimento- Perspectivas sobre o rural brasileiro, 2018, Santa Maria - RS. Anais do I Colóquio de Extensão Rural e Desenvolvimento- Perspectivas sobre o rural brasileiro	OLIVEIRA, M. L. S. D. ; HANKE, D. ; NASCIMENTO, S. G. ; SEGNORIN, G.	Qualis nao identificado	I Colóquio de Extensão Rural e Desenvolvimento- Perspectivas sobre o rural brasileiro, 2018, Santa Maria - RS. Anais do I Colóquio de Extensão Rural e Desenvolvimento- Perspectivas sobre o rural brasileiro
resumoExpandidoEmCongresso	Daniel Hanke	2018	AGRONEGÓCIO: CENÁRIOS E PRESPECTIVAS NA REGIÃO DA CAMPANHA	X Salão Internacional de Ensino, pesquisa e extensão, 2018, Santana do Livramento. Anais do X Salão Internacional de Ensino, pesquisa e extensão	MAIA, J. F. ; NASCIMENTO, S. G. ; HANKE, D. ; SILVA, L. V. ; ALMANSA, K. S. ; MACHADO, T. A. S.	Qualis nao identificado	X Salão Internacional de Ensino, pesquisa e extensão, 2018, Santana do Livramento. Anais do X Salão Internacional de Ensino, pesquisa e extensão
resumoExpandidoEmCongresso	Daniel Hanke	2018	ESTOQUES DE C E N EM SOLOS SOB CAMPO NATIVO DE UMA TOPOSSEQUÊNCIA NO BIOMA PAMPA	28° Congresso Brasileiro de zootecnia - Zootec, 2018, Goiânia. Anais do 28°Congresso Brasileiro de Zootecnia - Zootec	SANTOS, D. ; HANKE, D. ; HABERMANN, M. A. ; NASCIMENTO, S. G. ; MAIA, J. F. ; MANRIQUEZ, D. E. T. ; SANTOS, D. C. ; MORAES, C. J.	Qualis nao identificado	28° Congresso Brasileiro de zootecnia - Zootec, 2018, Goiânia. Anais do 28°Congresso Brasileiro de Zootecnia - Zootec
resumoExpandidoEmCongresso	Daniel Hanke	2018	Growth and nutritional quality of lettuce plants asaffected by humic conditioners	19th International Conference of Humic Substances Society, 2018, Albena - Bulgaria. 19th International Conference of Humic Substances Society	BENDER, A. C. ; DICK, D. P. ; HANKE, D. ; SA, E. L. S.	Qualis nao identificado	19th International Conference of Humic Substances Society, 2018, Albena - Bulgaria. 19th International Conference of Humic Substances Society
resumoExpandidoEmCongresso	Daniel Hanke	2017	Educação em agroecologia: do currículo prescrito ao currículo praticado - a experiência do Curso de Educação do Campo - UNIPAMPA	Congresso Brasileiro de Agroecologia, 2017, Brasília. Congresso Brasileiro de Agroecologia 2017	GONZAGA, J. G. F. ; HANKE, D. ; PUPO, M. A. V. ; DALBIANCO, V. P.	Qualis nao identificado	Congresso Brasileiro de Agroecologia, 2017, Brasília. Congresso Brasileiro de Agroecologia 2017
resumoExpandidoEmCongresso	Daniel Hanke	2017	Interações de substâncias húmicas com metais em solos com horizontes Húmicos e Hísticos sob Floresta Ombrófila Mista	XII Encontro Brasileiro de Substâncias Húmicas e Matéria Orgânica Natural, 2017, Sinop - MT. Anais do XII Encontro Brasileiro de Substâncias Húmicas e Matéria Orgânica Natural	HANKE, D.; DICK, D. P.	Qualis nao identificado	XII Encontro Brasileiro de Substâncias Húmicas e Matéria Orgânica Natural, 2017, Sinop - MT. Anais do XII Encontro Brasileiro de Substâncias Húmicas e Matéria Orgânica Natural
resumoExpandidoEmCongresso	Daniel Hanke	2017	O efeito sinérgico de substâncias húmicas e fertilizante mineral nos atributos de produtividade das plantas de alface	XII Encontro Brasileiro de Substâncias Húmicas e Matéria Orgânica Natural, 2017, Sinop - MT. Anais do XII Encontro Brasileiro de Substâncias Húmicas e Matéria Orgânica Natural	BENDER, A. C. ; DICK, D. P. ; HANKE, D.	Qualis nao identificado	XII Encontro Brasileiro de Substâncias Húmicas e Matéria Orgânica Natural, 2017, Sinop - MT. Anais do XII Encontro Brasileiro de Substâncias Húmicas e Matéria Orgânica Natural
resumoExpandidoEmCongresso	Daniel Hanke	2017	EFEITO DO BIOCARVÃO NO pH DE SOLOS SUBTROPICAIS EM CONDIÇÃO SATURADA E AERÓBIA	XII Encontro Brasileiro de Substâncias Húmicas e Matéria Orgânica Natural, 2017, Sinop - MT. Anais do XII Encontro Brasileiro de Substâncias Húmicas e Matéria Orgânica Natural	BOTTEZINI, L. ; DICK, D. P. ; HANKE, D.	Qualis nao identificado	XII Encontro Brasileiro de Substâncias Húmicas e Matéria Orgânica Natural, 2017, Sinop - MT. Anais do XII Encontro Brasileiro de Substâncias Húmicas e Matéria Orgânica Natural
resumoExpandidoEmCongresso	Daniel Hanke	2017	Humic substances and lettuce productivity ? Is there a synergic effect with mineral fertilizer?	6 th International Symposium on Soil Organic Matter, 2017, Harpenden. 6 th International Symposium on Soil Organic Matter	DICK, D. P. ; BENDER, A. C. ; HANKE, D.	Qualis nao identificado	6 th International Symposium on Soil Organic Matter, 2017, Harpenden. 6 th International Symposium on Soil Organic Matter
resumoExpandidoEmCongresso	Daniel Hanke	2017	Hortas Agroecológicas sob linhas de transmissão de energia: dinâmica das organizações sociais na região Sul do município de Curitiba - PR	Congresso Brasileiro de Agroecologia, 2017, Brasília. Congresso Brasileiro de Agroecologia	HANKE, D.; Biesek, M. F. ; WINCK, B. R. ; Silva, R. W.	Qualis nao identificado	Congresso Brasileiro de Agroecologia, 2017, Brasília. Congresso Brasileiro de Agroecologia
resumoExpandidoEmCongresso	Daniel Hanke	2017	Rock fest DP: um projeto cultural do rock pedritense	IX Salão Internacional de Ensino, Pesquisa e Extensão, 2017, Sant'Ana do Livramento. Anais do IX Salão Internacional de Ensino, Pesquisa e Extensão	MAIA, J. ; VIEIRA, R. A. ; HANKE, D. ; ALTEMBURG, S. G. N.	Qualis nao identificado	IX Salão Internacional de Ensino, Pesquisa e Extensão, 2017, Sant'Ana do Livramento. Anais do IX Salão Internacional de Ensino, Pesquisa e Extensão
resumoExpandidoEmCongresso	Daniel Hanke	2017	PROJETO DE ENSINO ?RURAL EM IMAGENS?: AS DISTINTAS PERCEPÇÕES DO RURAL CONTEMPORÂNEO	IX Salão de Ensino, Pesquisa e Extensão, 2017, Sant'Ana do Livramento. Anais do IX Salão de Ensino, Pesquisa e Extensão	NASCIMENTO, J. C. ; ALTEMBURG, S. G. N. ; HANKE, D. ; MAIA, J. ; MORAES, C. J. ; SILVA, L. V.	Qualis nao identificado	IX Salão de Ensino, Pesquisa e Extensão, 2017, Sant'Ana do Livramento. Anais do IX Salão de Ensino, Pesquisa e Extensão
resumoExpandidoEmCongresso	Daniel Hanke	2016	Soil Organic Matter chemical and isotopic composition as paleoenvironmental tracer in a subtropical South Brazilian toposequence	18th Conference of International Humic Substances Society, 2016, Kanazawa. 18th Conference of International Humic Substances Society	HANKE, D.; DICK, D. P. ; KNICKER, H. ; PEREZ, J. A. G.	Qualis nao identificado	18th Conference of International Humic Substances Society, 2016, Kanazawa. 18th Conference of International Humic Substances Society
artigoEmPeriodico	Elizete Beatriz Radmann	2017	0103-8699		The effects of the culture media components by in vitro multiplication of 'Mr. S. 2/5' rootstock	CIENCIA AGRICOLA (UFAL)	GALLO, C. M. ; RADMANN, E. B. ; RITTERBUSCH, C. W. ; FEIJÓ, A. da R. ; BIANCHI, V. J. ; PETERS, J. A.	Qualis nao identificado	CIENCIA AGRICOLA (UFAL)
artigoEmPeriodico	Elizete Beatriz Radmann	2016	2406-6168		Woody cuttings of `Niagara Branca? and `Niagara Rosada? rustic grapes	10.17660/ActaHortic.2016.1115.37	AGUILA, J. S. ; ZANELLA, A. ; PINHEIRO, A.D. ; RADMANN, E.B. ; AGUILA, L. S. H.	Qualis nao identificado	10.17660/ActaHortic.2016.1115.37
artigoEmPeriodico	Elizete Beatriz Radmann	2016	1665-0204		Qualidade de fatias de melancia armazenadas sob refrigeração e atmosfera modificada	Revista Iberoamericana de Tecnologia Postcosecha	BARRETO, C.F. ; HOFFMANN, J. F. ; DAMBROS, J.I. ; RADMANN, E. B. ; ROMBALDI, C. V.	Qualis nao identificado	Revista Iberoamericana de Tecnologia Postcosecha
trabalhoCompletoEmCongresso	Elizete Beatriz Radmann	2016		Controle da deterioração de morangos através da aplicação de coberturas comestíveis	Congresso Brasileiro de Ciência e Tecnologia de Alimentos	JAQUES, E. G. ; CASTRO, C. A. E. ; LOPES, E. T. ; RADMANN, E. B. ; COSTA, P.F.P. da	Qualis nao identificado	Congresso Brasileiro de Ciência e Tecnologia de Alimentos
resumoExpandidoEmCongresso	Elizete Beatriz Radmann	2017	Prospecção de pragas para formação de laboratório didático da videira	Salão Internacional de Ensino, Pesquisa e Extensão, 2017, Santana do Livramento. Nono Salão Internacional de Ensino, Pesquisa e Extensão. Bagé: UNIPAMPA	HAMM, B. L. ; RADMANN, E. B.	Qualis nao identificado	Salão Internacional de Ensino, Pesquisa e Extensão, 2017, Santana do Livramento. Nono Salão Internacional de Ensino, Pesquisa e Extensão. Bagé: UNIPAMPA
resumoExpandidoEmCongresso	Elizete Beatriz Radmann	2016	Visita técnica como atividade complementar das disciplinas de fruticultura e pós colheita de produtos hortícolas	Salão Internacional de Ensino, Pesquisa e Extensão, 2016, Uruguaiana. Anais do VIII Salão Inernacional de Ensino, Pesquisa e Extensão. Bagé: UNIPAMPA	POSADA, M. P. ; RADMANN, E. B. ; DOTTO, L. ; SEVERO, I. K.	Qualis nao identificado	Salão Internacional de Ensino, Pesquisa e Extensão, 2016, Uruguaiana. Anais do VIII Salão Inernacional de Ensino, Pesquisa e Extensão. Bagé: UNIPAMPA
artigoEmPeriodico	Fernando Albuquerque Luz	2018	0073-4721	http://dx.doi.org/10.1590/1678-4766e2018015	Gall-inducing insects of deciduous and semideciduous forests in Rio Grande do Sul State, Brazil	IHERINGIA SERIE ZOOLOGIA	GOETZ, A. P. M. ; LUZ, F. A. ; TOMA, T. S. P. ; Souza-Júnior, M, M	Qualis nao identificado	IHERINGIA SERIE ZOOLOGIA
artigoEmPeriodico	Fernando Albuquerque Luz	2018	1809-3264		Concepções dos professores do município de Dom Pedrito ?RS sobre a temática plantas medicinais	Revista Querubim (Online)	FERREIRA, V. E. M. ; BIERHALZ, Crisna Daniela K. ; LUZ, F. A.	B3	REVISTA QUERUBIM (ONLINE)
trabalhoCompletoEmCongresso	Fernando Albuquerque Luz	2018		INVESTIGANDO OS INTERESSES E DÚVIDAS DE ALUNOS DO ENSINO FUNDAMENTAL DE DOM PEDRITO SOBRE SEXUALIDADE	Seminário Corpos	KAUFMANN, L. ; LUZ, F. A.	Qualis nao identificado	Seminário Corpos
trabalhoCompletoEmCongresso	Franceli Brizolla	2016		Experiências de atendimento educacional especializado para acadêmicos com deficiência nas Universidades Federais de Ensino Superior do Sul do Brasil	XI ANPED SUL/Reunião Científica da ANPED SUL	BRIZOLLA, F.; MARTINS, C. S. L.	Qualis nao identificado	XI ANPED SUL/Reunião Científica da ANPED SUL
resumoExpandidoEmCongresso	Franceli Brizolla	2017	ENSINO COLABORATIVO E PRODUÇÃO DE RECURSOS PEDAGÓGICOS ACESSÍVEIS NA PERSPECTIVA DA EDUCAÇÃO INCLUSIVA	Seminário Inovação Pedagógica: repensando estratégias de formação acadêmico-profissional em diálogo entre Educação Básica e Educação Superior, 2017, Uruguaiana. Anais. Uruguaiana	BRIZOLLA, F.; MACHADO, M. L. S.	Qualis nao identificado	Seminário Inovação Pedagógica: repensando estratégias de formação acadêmico-profissional em diálogo entre Educação Básica e Educação Superior, 2017, Uruguaiana. Anais. Uruguaiana
artigoEmPeriodico	Franciele Braz de Oliveira Coelho	2017	1516-7313	http://dx.doi.org/10.1590/1516-731320170030016	Análise de currículos de ciências à luz da teoria de Bernstein	Ciência e Educação (UNESP)	COELHO, FRANCIELE BRAZ DE OLIVEIRA	A1	CIÊNCIA E EDUCAÇÃO (UNESP)
trabalhoCompletoEmCongresso	Franciele Braz de Oliveira Coelho	2017		Uso de Simulador no Ensino de Física: Unidade de Aprendizagem para o estudo de Eletrostática	7º Simpósio de Hipertexto e Tecnologias na Educação	SANTOS, D. S. dos ; COELHO, FRANCIELE BRAZ DE OLIVEIRA ; BULEGON, Ana	Qualis nao identificado	7º Simpósio de Hipertexto e Tecnologias na Educação
resumoExpandidoEmCongresso	Franciele Braz de Oliveira Coelho	2017	ANÁLISE DO USO DO LIVRO DIDÁTICO PARA ABORDAGEM DE CONCEITOS DO MRU NO ENSINO FUNDAMENTAL	9º Salão Internacional de Ensino, Pesquisa e Extensão - SIEPE, 2017, Santana do Livramento. 9º SIEPE	COSTA, D. ; NASCIMENTO, C. D. ; COELHO, F. B.de O.	Qualis nao identificado	9º Salão Internacional de Ensino, Pesquisa e Extensão - SIEPE, 2017, Santana do Livramento. 9º SIEPE
resumoExpandidoEmCongresso	Franciele Braz de Oliveira Coelho	2017	A INTERDISCIPLINARIDADE NAS DIRETRIZES NACIONAIS PARA CURSOS DE LICENCIATURA	9º Salão Internacional de Ensino, Pesquisa e Extensão - SIEPE, 2017, Santana do Livramento. 9º SIEPE	CAMPELLO, T. ; COELHO, F. B.de O. ; CURY, H. N.	Qualis nao identificado	9º Salão Internacional de Ensino, Pesquisa e Extensão - SIEPE, 2017, Santana do Livramento. 9º SIEPE
resumoExpandidoEmCongresso	Franciele Braz de Oliveira Coelho	2016	Abordagem interdisciplinar sobre o tema alimentação: mediada pelo uso de simuladores e aplicativos	X Colóquio Internacional Inovação, Conhecimento e Tecnologias, 2016, São Luiz Gonzaga. X Colóquio Internacional Inovação, Conhecimento e Tecnologias	PES, C. D. S. ; OLIVEIRA, F. B. de	Qualis nao identificado	X Colóquio Internacional Inovação, Conhecimento e Tecnologias, 2016, São Luiz Gonzaga. X Colóquio Internacional Inovação, Conhecimento e Tecnologias
resumoExpandidoEmCongresso	Franciele Braz de Oliveira Coelho	2016	USO DE TIC NA ESCOLA: CONCEPÇÕES DE LICENCIANDOS EM CIÊNCIAS DA NATUREZA SOBRE O TEMA	XVIII JORNADA NACIONAL DE EDUCAÇÃO E VI SEMINÁRIO INTERDISCIPLINAR PIBID/UNIFRA: Ensino, Ambiente e Cultura: interfaces na formação docente, 2016, Santa Maria. XVIII JORNADA NACIONAL DE EDUCAÇÃO E VI SEMINÁRIO INTERDISCIPLINAR PIBID/UNIFRA: Ensino, Ambiente e Cultura: interfaces na formação docente	VIANNA, N. S. ; VIANNA, C. P. ; COELHO, F. B.de O.	Qualis nao identificado	XVIII JORNADA NACIONAL DE EDUCAÇÃO E VI SEMINÁRIO INTERDISCIPLINAR PIBID/UNIFRA: Ensino, Ambiente e Cultura: interfaces na formação docente, 2016, Santa Maria. XVIII JORNADA NACIONAL DE EDUCAÇÃO E VI SEMINÁRIO INTERDISCIPLINAR PIBID/UNIFRA: Ensino, Ambiente e Cultura: interfaces na formação docente
resumoExpandidoEmCongresso	Franciele Braz de Oliveira Coelho	2016	O USO DE TIC COMO RECURSO DIDÁTICO EM ESCOLAS DO MUNICÍPIO DE DOM PEDRITO-RS	XVIII JORNADA NACIONAL DE EDUCAÇÃO E VI SEMINÁRIO INTERDISCIPLINAR PIBID/UNIFRA: Ensino, Ambiente e Cultura: interfaces na formação docente, 2016, Santa Maria. XVIII JORNADA NACIONAL DE EDUCAÇÃO E VI SEMINÁRIO INTERDISCIPLINAR PIBID/UNIFRA: Ensino, Ambiente e Cultura: interfaces na formação docente	MENA, E. O. ; COSTA, D. ; COELHO, F. B.de O.	Qualis nao identificado	XVIII JORNADA NACIONAL DE EDUCAÇÃO E VI SEMINÁRIO INTERDISCIPLINAR PIBID/UNIFRA: Ensino, Ambiente e Cultura: interfaces na formação docente, 2016, Santa Maria. XVIII JORNADA NACIONAL DE EDUCAÇÃO E VI SEMINÁRIO INTERDISCIPLINAR PIBID/UNIFRA: Ensino, Ambiente e Cultura: interfaces na formação docente
resumoExpandidoEmCongresso	Franciele Braz de Oliveira Coelho	2016	CONCEPÇÕES DE PROFESSORES DE CIÊNCIAS DA NATUREZA SOBRE A INCLUSÃO EM SALA DE AULA	8º Salão Internacional de Ensino, Pesquisa e Extensão - SIEPE, 2016, Uruguaiana. 8º Salão Internacional de Ensino, Pesquisa e Extensão - SIEPE	SILVEIRA, I. A. M. ; COELHO, F. B.de O.	Qualis nao identificado	8º Salão Internacional de Ensino, Pesquisa e Extensão - SIEPE, 2016, Uruguaiana. 8º Salão Internacional de Ensino, Pesquisa e Extensão - SIEPE
resumoExpandidoEmCongresso	Franciele Braz de Oliveira Coelho	2016	Currículo interdisciplinar e formação docente: desafios e possibilidades	III Simpósio em Ensino de Ciências e Matemática, 2016, Santa Maria. III Simpósio em Ensino de Ciências e Matemática	COELHO, F. B.de O.; CURY, H. N.	Qualis nao identificado	III Simpósio em Ensino de Ciências e Matemática, 2016, Santa Maria. III Simpósio em Ensino de Ciências e Matemática
artigoEmPeriodico	Franciele Franco Dias	2018	2178-9770	http://dx.doi.org/10.18554/cimeac.v8i2.2989	O ensino de Física nas escolas do campo: reflexões sobre o currículo / The teaching of physics in countryside schools: reflections on the curriculum	CADERNOS CIMEAC	DIAS, FRANCIELE FRANCO; LEONEL, ANDRÉ ARY	B2	
artigoEmPeriodico	Franciele Franco Dias	2018	1983-2117	http://dx.doi.org/10.1590/1983-21172018200113	ESCOLAS DO CAMPO: UM OLHAR SOBRE A LEGISLAÇÃO E PRÁTICA SIMPLEMENTADAS NO ENSINO DE FÍSICA	ENSAIO: PESQUISA EM EDUCAÇÃO EM CIÊNCIAS (ONLINE)	DIAS, F. F.; LEONEL, A. A.	A2	
artigoEmPeriodico	Franciele Franco Dias	2017	1809-1636		A utilização de Atividades Experimentais como estratégia didático-metodológica: um olhar para o ensino de Hidrodinâmica	VIVÊNCIAS (URI. ERECHIM)	DIAS, F. F.; CARVALHO, M. L. C. ; VIEIRA, M. ; LUDKE, E.	B5	
trabalhoCompletoEmCongresso	Franciele Franco Dias	2018		Reflexões sobre a importância de discussões curriculares em um curso de Física	XVII Encontro de Pesquisa em Ensino de Física	DIAS, F. F.; MAGOGA, T. ; MUENCHEN, C. ; LEONEL, A. A.	Qualis nao identificado	XVII Encontro de Pesquisa em Ensino de Física
trabalhoCompletoEmCongresso	Franciele Franco Dias	2018		Ensino de Física nas Escolas do Campo: apontamentos sobre a construção do currículo	XVII Encontro de Pesquisa em Ensino de Física	DIAS, F. F.; LEONEL, A. A.	Qualis nao identificado	XVII Encontro de Pesquisa em Ensino de Física
trabalhoCompletoEmCongresso	Franciele Franco Dias	2017		Atividades Investigativas na Formação Inicial de Professores: alguns apontamentos	XXII Simpósio Nacional de Ensino de Física	DIAS, F. F.; HUNSCHE, S.	Qualis nao identificado	XXII Simpósio Nacional de Ensino de Física
trabalhoCompletoEmCongresso	Franciele Franco Dias	2017		O Ensino de Física nas Escolas do Campo de Caçapava do Sul: alguns apontamentos	XI Encontro Nacional de Pesquisa em Educação em Ciências	DIAS, F. F.; LEONEL, A. A.	Qualis nao identificado	XI Encontro Nacional de Pesquisa em Educação em Ciências
trabalhoCompletoEmCongresso	Janaina Viario Carneiro	2017		A contribuição das monitorias na formação de professores de Ciências da Natureza	Salão Internacional de Ensino	Antunes, A. A. ; Janaína V. Carneiro ; BIERHALZ, C. D. K.	Qualis nao identificado	Salão Internacional de Ensino
trabalhoCompletoEmCongresso	Janaina Viario Carneiro	2016		O projeto Novos Talentos como espaço de formação de professores de Ciências da Natureza	1ª Jornada Ibero-Americana de Pesquisas em Políticas Educacionais e Experiências Interdisciplinares na Educação	ALVES, C. C. ; CARNEIRO, J. V. ; ARAUJO, R. R.	Qualis nao identificado	1ª Jornada Ibero-Americana de Pesquisas em Políticas Educacionais e Experiências Interdisciplinares na Educação
resumoExpandidoEmCongresso	Janaina Viario Carneiro	2016	Ciências da Natureza por meio de uma abordagem CTSA: relato de um curso de formação de professores da educação básica	III Seminário Nacional de Pesquisa em Extensão Popular, 2016, João Pessoa. III Seminário Nacional de Pesquisa em Extensão Popular	FREITAS, R. T. G. ; PAZINATO, M. S. ; CARNEIRO, J. V. ; GONCALVES, U. T. V.	Qualis nao identificado	III Seminário Nacional de Pesquisa em Extensão Popular, 2016, João Pessoa. III Seminário Nacional de Pesquisa em Extensão Popular
resumoExpandidoEmCongresso	Janaina Viario Carneiro	2016	A Construção de uma 'Pequena Estação Meteorológica' em diferentes escolas e localidades do município de Dom Pedrito, RS	III Seminário Nacional de Pesquisa em Extensão Popular, 2016, João Pessoa. III Seminário Nacional de Pesquisa em Extensão Popular	GONCALVES, U. T. V. ; PAZINATO, M. S. ; CARNEIRO, J. V. ; FREITAS, R. T. G.	Qualis nao identificado	III Seminário Nacional de Pesquisa em Extensão Popular, 2016, João Pessoa. III Seminário Nacional de Pesquisa em Extensão Popular
artigoEmPeriodico	Jessie Haigert Sudati	2018	1205-7541	http://dx.doi.org/10.1139/cjpp-2017-0207	Protective effect of (-)-α-Bisabolol on rotenone-induced toxicity in <i>Drosophila melanogaster</i>	CANADIAN JOURNAL OF PHYSIOLOGY AND PHARMACOLOGY (ONLINE)	LEITE, GERLÂNIA DE OLIVEIRA ; ECKER, ASSIS ; SEEGER, R. L. ; KRUM, BÁRBARA NUNES ; LUGOKENSKI, THIAGO HENRIQUE ; FACHINETTO, ROSELEI ; SUDATI, J. H. ; BARBOSA, NILDA VARGAS ; WAGNER, CAROLINE	Qualis nao identificado	CANADIAN JOURNAL OF PHYSIOLOGY AND PHARMACOLOGY (ONLINE)
artigoEmPeriodico	Jessie Haigert Sudati	2018	1477-0520	http://dx.doi.org/10.1039/c8ob00451j	Diselenoamino acid derivatives as GPx mimics and as substrates of TrxR: <i>in vitro</i> and <i>in silico</i> studies	ORGANIC & BIOMOLECULAR CHEMISTRY	Sudati, Jéssie Haigert; NOGARA, PABLO ANDREI ; SARAIVA, ROGÉRIO AQUINO ; Wagner, Caroline ; ALBERTO, EDUARDO ELIEZER ; BRAGA, ANTONIO LUIZ ; Fachinetto, Roselei ; PIQUINI, PAULO CESAR ; Rocha, João Batista Teixeira	Qualis nao identificado	ORGANIC & BIOMOLECULAR CHEMISTRY
artigoEmPeriodico	Jessie Haigert Sudati	2017	2447-6099		Percepções dos licenciandos em Ciências da Natureza sobre aminoácidos e proteínas	REVISTA DEBATES EM ENSINO DE QUÍMICA	SILVA, L. D. ; MAIA, A. F. ; PAZINATO, M. S. ; SUDATI, J. H.	B5	
artigoEmPeriodico	Jessie Haigert Sudati	2016	0364-3190	http://dx.doi.org/10.1007/s11064-015-1811-y	Harpagophytum Procumbens Ethyl Acetate Fraction Reduces Fluphenazine-Induced Vacuous Chewing Movements and Oxidative Stress in Rat Brain	Neurochemical Research	SCHAFFER, LARISSA FINGER ; DE FREITAS, CATIUSCIA MOLZ ; CHIAPINOTTO CERETTA, ANA PAULA ; PEROZA, LUIS RICARDO ; DE MORAES REIS, ELIZETE ; KRUM, BÁRBARA NUNES ; Busanello, Alcindo ; Boligon, Aline Augusti ; Sudati, Jéssie Haigert ; Fachinetto, Roselei ; Wagner, Caroline	Qualis nao identificado	Neurochemical Research
trabalhoCompletoEmCongresso	Jessie Haigert Sudati	2016		Percepções dos licenciandos em Ciências da Natureza sobre aminoácidos e proteínas	36º Encontro de Debates sobre o Ensino de Química - EDEQ	SILVA, L. D. ; MAIA, A. F. ; PAZINATO, M.S. ; SUDATI, J. H.	Qualis nao identificado	36º Encontro de Debates sobre o Ensino de Química - EDEQ
resumoExpandidoEmCongresso	Jessie Haigert Sudati	2016	O ensino de Ciências no nível fundamental por meio de atividades experimentais	8º Seminário Internacional de Ensino, Pesquisa e Extensão, 2016, Uruguaiana-RS. Anais do 8º SIEPE	GONCALVES, U. T. V. ; SUDATI, J. H. ; PAZINATO, M.S. ; SILVEIRA, M. L.	Qualis nao identificado	8º Seminário Internacional de Ensino, Pesquisa e Extensão, 2016, Uruguaiana-RS. Anais do 8º SIEPE
artigoEmPeriodico	Leandro Duso	2018	2526-9542		Reflexões no Ensino de Ciências: Elaboração e Análise de Materiais Didáticos	Revista de Produtos Educacionais e Pesquisas em Ensino	FONSECA, E. M. ; DUSO, Leandro	Qualis nao identificado	Revista de Produtos Educacionais e Pesquisas em Ensino
artigoEmPeriodico	Leandro Duso	2018	2237-4450	http://dx.doi.org/10.31512/encitec.v8i1.2281	Elaboração de Sequências Didáticas sobre o Ensino de Zoologia: perspectivas e concepções em construção	ENSINO DE CIÊNCIAS E TECNOLOGIA EM REVISTA	MEDEIROS DA FONSECA, ERIL ; DUSO, LEANDRO	B5	
artigoEmPeriodico	Leandro Duso	2018	1809-3264		Gestão de práticas sustentáveis: uma experiência na educação do campo	Revista Querubim (Online)	VIEIRA, R. M. R. ; DUSO, L. ; MOURA, A. C. de O. S. de ; FERNANDES, V. F. ; CICUTO, C. A. T.	B3	REVISTA QUERUBIM (ONLINE)
artigoEmPeriodico	Leandro Duso	2018	2527-2624		Agrotóxicos no ensino de química: proposta contextualizada através de um jogo didático	www.revistas.unila.edu.br/relusRevista eletrônicaLudus Scientiae -(RELuS)	MELLO, L. F. ; FONSECA, E. M. ; DUSO, Leandro	Qualis nao identificado	www.revistas.unila.edu.br/relusRevista eletrônicaLudus Scientiae -(RELuS)
artigoEmPeriodico	Leandro Duso	2017	1809-3264		Professores de ciências da natureza: levantamento sobre a formação continuada da rede municipal de Dom Pedrito/RS	Revista Querubim (Online)	FONSECA. Eril M. ; BIERHALZ, Crisna Daniela K. ; DUSO, L.	B3	REVISTA QUERUBIM (ONLINE)
artigoEmPeriodico	Leandro Duso	2017	2174-6486		Controvérsias sociocientíficas e projetos integrados: condicionantes e potencialidades para o ensino de ciências	Ensenanza de las ciencias	DUSO, Leandro; MAESTRELLI, S. R. P.	A1	ENSEÑANZA DE LAS CIENCIAS
artigoEmPeriodico	Leandro Duso	2017	2525-4863		Discutindo a temática agrotóxicos: uma abordagem por meio das controvérsias sociocientíficas	Revista Brasileira de Educação do Campo	FONSECA, E. M. ; DUSO, Leandro ; HOFFMANN, M. B.	B2	REVISTA BRASILEIRA DE EDUCAÇÃO DO CAMPO
artigoEmPeriodico	Leandro Duso	2016	1575-0965		Discutiendo controversias socio científicas en la enseñanza de ciencias por medio de una actividad lúdica	REVISTA ELECTRÓNICA INTERUNIVERSITARIA DE FORMACIÓN DEL PROFESORADO	DUSO, Leandro; HOFFMANN, M. B.	C	
trabalhoCompletoEmCongresso	Leandro Duso	2017	http://dx.doi.org/10.5772/intechopen.68182	Discussões de controvérsias sociocientíficas e projetos integrados: perspectivas para o ensino de ciências	XI Encontro Nacional de Pesquisa em Educação em Ciências - XI ENPEC	DUSO, Leandro	Qualis nao identificado	XI Encontro Nacional de Pesquisa em Educação em Ciências - XI ENPEC
trabalhoCompletoEmCongresso	Leandro Duso	2017		Análise de sequências didáticas sobre o ensino de zoologia: abordagem da problematização por licenciandos em educação do campo	IV Congresso Internacional de Educação Cientifica e Tecnológica (CIECITEC)	FONSECA, E. M. ; DUSO, Leandro	Qualis nao identificado	IV Congresso Internacional de Educação Cientifica e Tecnológica (CIECITEC)
resumoExpandidoEmCongresso	Leandro Duso	2017	Concepções dos alunos de pós-graduação sobre métodos educacionais e recursos no Ensino de Ciências	Encontro Regional de Ensino de Ciências, 2017, Santa Maria. Anais do I Encontro Regional de Ensino de Ciências [recurso eletrônico]: Perspectivas, metodologias e novas tecnologias. Bagé: EdUnipampa	FONSECA, E. M. ; DUSO, Leandro	Qualis nao identificado	Encontro Regional de Ensino de Ciências, 2017, Santa Maria. Anais do I Encontro Regional de Ensino de Ciências [recurso eletrônico]: Perspectivas, metodologias e novas tecnologias. Bagé: EdUnipampa
resumoExpandidoEmCongresso	Leandro Duso	2017	A escola como princípio educativo: emancipação humana e social	9º Salão Internacional de Ensino, Pesquisa e Extensão da Unipampa, 2017, Santana do Livramento. Anais do 9° SIEPE. Bagé: Editora Unipampa	PACHECO, T. P. ; SOARES, A. M. G. ; DUSO, Leandro	Qualis nao identificado	9º Salão Internacional de Ensino, Pesquisa e Extensão da Unipampa, 2017, Santana do Livramento. Anais do 9° SIEPE. Bagé: Editora Unipampa
resumoExpandidoEmCongresso	Leandro Duso	2017	Atividade lúdica sobre agrotóxicos: perspectiva para o ensino de química orgânica	9º Salão Internacional de Ensino, Pesquisa e Extensão da Unipampa, 2017, Santana do Livramento. 9º Anais do SIEPE. Santana do Livramento: Editora da Unipampa	MELLO, L. F. ; DUSO, Leandro	Qualis nao identificado	9º Salão Internacional de Ensino, Pesquisa e Extensão da Unipampa, 2017, Santana do Livramento. 9º Anais do SIEPE. Santana do Livramento: Editora da Unipampa
artigoEmPeriodico	Leonardo Paz Deble	2018	1808-2688		Taxonomic novelties in Calydorea IV	BALDUINIA (UFSM)	DEBLE, L. P.; DEBLE, A. S. O. ; Alves, F. da S. ; Garcia, L. F.	Qualis nao identificado	BALDUINIA (UFSM)
artigoEmPeriodico	Leonardo Paz Deble	2017	1808-2688		La identificacion de Cypella exilis Ravenna (Iridaceae)	Balduinia (UFSM)	DEBLE, L. P	Qualis nao identificado	Balduinia (UFSM)
artigoEmPeriodico	Leonardo Paz Deble	2017	1808-2688		The type of Cypella herbertii subsp. brevicristata Ravenna (Iridaceae; Tigridieae)	Balduinia (UFSM)	DEBLE, L. P.; ALVES, F. S.	Qualis nao identificado	Balduinia (UFSM)
artigoEmPeriodico	Leonardo Paz Deble	2017	0075-5973		Taxonomic novelties for the genus Cypella (Iridaceae): new species, synonymies and nomenclatural types	Kew Bulletin	DEBLE, L. P.; ALVES, F. S.	Qualis nao identificado	Kew Bulletin
artigoEmPeriodico	Leonardo Paz Deble	2017	1179-3155	http://dx.doi.org/10.11646/phytotaxa.316.2.6	Resurrection and epitypification of Butia poni (Arecaceae), a neglected palm micro-endemic in the grasslands of Misiones, Argentina	Phytotaxa	PAZ DEBLE, LEONARDO; KELLER, HECTOR A. ; ALVES, Fabiano da Silva	Qualis nao identificado	Phytotaxa
artigoEmPeriodico	Leonardo Paz Deble	2016	1179-3163	http://dx.doi.org/10.11646/phytotaxa.253.1.6	<p><strong><em>Calydorea minuana</em>,<em> </em>a new species of Iridaceae from Río de La Plata Grasslands, South America</strong></p>	Phytotaxa (Online)	DEBLE, L. P.; Alves, F. da S. ; DEBLE, A. S. O.	Qualis nao identificado	Phytotaxa (Online)
artigoEmPeriodico	Leonardo Paz Deble	2016	0378-2697		New circumscription of the genus Gamochaeta (Asteraceae, Gnaphalieae) inferred from nuclear and plastid DNA sequences	Plant Systematics and Evolution	URTUBEY, E. ; LOPEZ, A. ; CHEMISQUY, M. A. ; ANDERBERG, A. A. ; DEBLE, L. P. ; BAEZA, C. M. ; BAYON, N. ; MOREIRA-MUNHOZ, A. ; NESOM, G. L. ; ALFORD, M. ; SALOMON, L. ; FREIRE, S. E.	Qualis nao identificado	Plant Systematics and Evolution
artigoEmPeriodico	Leonardo Paz Deble	2016	2358-1980		Microgyne Marchesiana (Asteraceae: Astereae) nova ocorrência para a flora do Brasil	http://dx.doi.org/10.5902/2358198022372	MOREIRA, B. P. ; DEBLE, A. S. O. ; DEBLE, L. P.	Qualis nao identificado	http://dx.doi.org/10.5902/2358198022372
trabalhoCompletoEmCongresso	Leonardo Paz Deble	2016		Levantamento de espécies com multipropósito uso na Bacia Hidrográfica do Rio Quaraí	Congresso Internacional do Pampa	DEBLE, L. P.; MOREIRA, B. P. ; Oliveira-Deble, A. S. de	Qualis nao identificado	Congresso Internacional do Pampa
trabalhoCompletoEmCongresso	Leonardo Paz Deble	2016		Levantamento de Vegetação Campestre na Serra do Sudeste	Congresso Internacional do Pampa	OLIVEIRA-DEBLE, Anabela Silveira de ; DEBLE, L. P. ; FERREIRA, M. Z.	Qualis nao identificado	Congresso Internacional do Pampa
trabalhoCompletoEmCongresso	Leonardo Paz Deble	2016		Localidade do Jarau, Quaraí/RS: Área prioritária para conservação	Congresso Internacional do Pampa	DEBLE, L. P.; OLIVEIRA-DEBLE, Anabela Silveira de ; ALVES, F. S.	Qualis nao identificado	Congresso Internacional do Pampa
trabalhoCompletoEmCongresso	Leonardo Paz Deble	2016		Aspectos fitofisionômicos na Bacia Hidrográfica do rio Santa Maria, RS	Congresso Internacional do Pampa	Oliveira-Deble, A. S. de ; DEBLE, L. P.	Qualis nao identificado	Congresso Internacional do Pampa
artigoEmPeriodico	Marcelo Luis Wilde	2017	0048-9697	http://dx.doi.org/10.1016/j.scitotenv.2016.12.184	Fenton process on single and mixture components of phenothiazine pharmaceuticals: Assessment of intermediaries, fate, and preliminary ecotoxicity	Science of the Total Environment	WILDE, MARCELO L.; SCHNEIDER, MANDY ; KÜMMERER, KLAUS	Qualis nao identificado	Science of the Total Environment
artigoEmPeriodico	Marcelo Luis Wilde	2017	0048-9697	http://dx.doi.org/10.1016/j.scitotenv.2017.08.040	Combination of experimental and in silico methods for the assessment of the phototransformation products of the antipsychotic drug/metabolite Mesoridazine	SCIENCE OF THE TOTAL ENVIRONMENT	WILDE, M. L.; J. Menz ; LEDER, C. ; KUMMERER, K.	Qualis nao identificado	SCIENCE OF THE TOTAL ENVIRONMENT
artigoEmPeriodico	Marcelo Luis Wilde	2016	0269-7491	http://dx.doi.org/10.1016/j.envpol.2016.03.018	Environmental fate and effect assessment of thioridazine and its transformation products formed by photodegradation	Environmental Pollution (1987)	WILDE, MARCELO L.; MENZ, JAKOB ; TRAUTWEIN, CHRISTOPH ; LEDER, CHRISTOPH ; KÜMMERER, KLAUS	Qualis nao identificado	Environmental Pollution (1987)
artigoEmPeriodico	Maria Silvana Aranda Moraes	2017	2457-1024		Bioethanol Production from Residual Tobacco Stalks	Current Journal of Applied Science and Technology	SCHNEIDER, ROSANA C.S. ; ANACKER, L. A. ; SZARBLEWSKI, M. S. ; SILVA, L. F. F. ; MORAES, MARIA S.A. ; CORBELLINI, VALERIANO A.	Qualis nao identificado	Current Journal of Applied Science and Technology
artigoEmPeriodico	Mauricius Selvero Pazinato	2018	1579-1513		Tendências do ensino e aprendizagem de forças intermoleculares a partir da análise de publicações em periódicos nacionais e internacionais	REEC. REVISTA ELECTRÓNICA DE ENSEÑANZA DE LAS CIENCIAS	MIRANDA, A. C. G. ; BRAIBANTE, M. E. F. ; PAZINATO, M. S.	A2	
artigoEmPeriodico	Mauricius Selvero Pazinato	2017	2447-6099		Percepções dos licenciandos em Ciências da Natureza sobre aminoácidos e proteínas	REVISTA DEBATES EM ENSINO DE QUÍMICA	SILVA, L. D. ; MAIA, A. F. ; PAZINATO, M. S. ; SUDATI, J. H.	B5	
artigoEmPeriodico	Mauricius Selvero Pazinato	2017	0212-4521		ESTABILIDADE QUÍMICA: UM OBSTÁCULO PARA A CONSTRUÇÃO DO CONHECIMENTO EM LIGAÇÕES QUÍMICAS.	Ensenanza de Las Ciencias	PAZINATO, M. S. ; BRAIBANTE, M. E. F. ; MIRANDA, A. C. G.	A1	ENSEÑANZA DE LAS CIENCIAS
artigoEmPeriodico	Mauricius Selvero Pazinato	2017	0212-4521		Concepções alternativas sobre Forças Intermoleculares: um estudo a partir das publicações da área de Ensino	Ensenanza de Las Ciencias	MIRANDA, A. C. G. ; BRAIBANTE, M. E. F. ; PAZINATO, M. S.	A1	ENSEÑANZA DE LAS CIENCIAS
artigoEmPeriodico	Mauricius Selvero Pazinato	2017	2238-2380		Temas geradores através de uma abordagem temática freireana: contribuições para o Ensino de Ciências	REVISTA DE EDUCAÇÃO, CIÊNCIAS E MATEMÁTICA	MIRANDA, A. C. G. ; PAZINATO, M. S. ; BRAIBANTE, M. E. F.	B2	
artigoEmPeriodico	Mauricius Selvero Pazinato	2017	1809-1636		Concepções dos Acadêmicos de Licenciatura em Ciências da Natureza sobre o Tema Cores e Processos de Ensino e Aprendizagem	VIVÊNCIAS (URI. ERECHIM)	KRAISIG, A. R. ; BRAIBANTE, M. E. F. ; PAZINATO, M. S.	B5	
artigoEmPeriodico	Mauricius Selvero Pazinato	2016	1517-4492		Análise dos Recursos Visuais Utilizados no Capítulo de Ligações Químicas dos Livros Didáticos do PNLD 2015	Acta Scientiae (ULBRA)	PAZINATO, M. S.; BRAIBANTE, M. E. F. ; MIRANDA, A. C. G. ; FREITAS, R. T. G.	B2	ACTA SCIENTIAE (ULBRA)
artigoEmPeriodico	Mauricius Selvero Pazinato	2016	2447-6099		Os recursos visuais utilizados pelos livros didáticos na abordagem das ligações químicas: uma avaliação quanto a sequência didática e ao grau de iconicidade	Revista Debates em Ensino de Química	PAZINATO, M. S. ; FREITAS, R. T. G. ; BRAIBANTE, M. E. F. ; MIRANDA, A. C. G.	B5	REVISTA DEBATES EM ENSINO DE QUÍMICA
trabalhoCompletoEmCongresso	Mauricius Selvero Pazinato	2017		O tema Energia no Ensino de Ciências e as Tecnologias de Informação e Comunicação: Contribuições interdisciplinares para o Ensino de Ciências da Natureza	3º Encontro de Ciência e Tecnologia do IFSul Câmpus Bagé	OSORIO, T. R. ; KOTOWSKI, L. D. ; MARTINS, M. M. ; PAZINATO, M. S.	Qualis nao identificado	3º Encontro de Ciência e Tecnologia do IFSul Câmpus Bagé
trabalhoCompletoEmCongresso	Mauricius Selvero Pazinato	2017		Inovações no Ensino: Cartuns como um instrumento para abordagem de Química Orgânica no Ensino Médio	37º Encontro de Debates sobre o Ensino de Química	ARAUJO, A. ; FREITAS, R. T. G. ; OLIVEIRA, L. E. ; MIRANDA, A. C. G. ; PAZINATO, M. S.	Qualis nao identificado	37º Encontro de Debates sobre o Ensino de Química
trabalhoCompletoEmCongresso	Mauricius Selvero Pazinato	2017		Experimentação em química: uma análise das publicações quanto ao nível de ensino, ao conteúdo e à natureza da atividade experimental	37º Encontro de Debates sobre o Ensino de Química	MACHADO, B. L. ; OSORIO, T. R. ; PAZINATO, M. S.	Qualis nao identificado	37º Encontro de Debates sobre o Ensino de Química
trabalhoCompletoEmCongresso	Mauricius Selvero Pazinato	2017		Concepções de estudantes do Ensino Médio sobre Tabela Periódica	37º EDEQ - Encontros de Debates sobre o Ensino de Química	VIANNA, N. S. ; CICUTO, C. A. T. ; PAZINATO, M. S.	Qualis nao identificado	37º EDEQ - Encontros de Debates sobre o Ensino de Química
trabalhoCompletoEmCongresso	Mauricius Selvero Pazinato	2016		As Oficinas no Ensino de Ciências: uma análise em publicações da área	36º Encontro de Debates sobre o Ensino de Química - EDEQ	OSORIO, T. R. ; PAZINATO, M. S.	Qualis nao identificado	36º Encontro de Debates sobre o Ensino de Química - EDEQ
trabalhoCompletoEmCongresso	Mauricius Selvero Pazinato	2016		Percepções dos licenciandos em Ciências da Natureza sobre aminoácidos e proteínas	36º Encontro de Debates sobre o Ensino de Química - EDEQ	SILVA, L. D. ; MAIA, A. F. ; PAZINATO, M. S. ; SUDATI, J. H.	Qualis nao identificado	36º Encontro de Debates sobre o Ensino de Química - EDEQ
trabalhoCompletoEmCongresso	Mauricius Selvero Pazinato	2016		Modelos representacionais das ligações químicas: uma análise nos livros didáticos	Modelos representacionais das ligações químicas: uma análise nos livros didáticos	PAZINATO, M. S. ; FREITAS, R. T. G. ; BRAIBANTE, M. E. F. ; MIRANDA, A. C. G.	Qualis nao identificado	Modelos representacionais das ligações químicas: uma análise nos livros didáticos
trabalhoCompletoEmCongresso	Mauricius Selvero Pazinato	2016		Concepções epistemológicas de um grupo de professores da Educação Básica	36º Encontro de Debates sobre o ensino de Química	MIRANDA, A. C. G. ; BRAIBANTE, M. E. F. ; PAZINATO, M. S.	Qualis nao identificado	36º Encontro de Debates sobre o ensino de Química
resumoExpandidoEmCongresso	Mauricius Selvero Pazinato	2018	Fatores que interferem no desempenho acadêmico em cursos de Licenciatura em Ciências da Natureza	10º Salão Internacional de Ensino, Pesquisa e Extensão, 2018, Santana do Livramento. Anais do 10º Salão Internacional de Ensino, Pesquisa e Extensão. Santana do Livramento: Unipampa	PAZINATO, M. S.; ESPINDOLA, Q. C.	Qualis nao identificado	10º Salão Internacional de Ensino, Pesquisa e Extensão, 2018, Santana do Livramento. Anais do 10º Salão Internacional de Ensino, Pesquisa e Extensão. Santana do Livramento: Unipampa
resumoExpandidoEmCongresso	Mauricius Selvero Pazinato	2017	Análise das concepções de estudantes sobre Ligações químicas a partir das zonas filosóficas Realista, Empirista e Racionalista	I Encontro Regional de Ensino de Ciências, 2017, Santa Maria. Anais do I EREC. Santa Maria: UFSM	PAZINATO, M. S.; BRAIBANTE, M. E. F.	Qualis nao identificado	I Encontro Regional de Ensino de Ciências, 2017, Santa Maria. Anais do I EREC. Santa Maria: UFSM
resumoExpandidoEmCongresso	Mauricius Selvero Pazinato	2017	Bases teóricas das oficinas publicadas na área de Ciências da Natureza	V Seminário Interfaces Pedagógicas: Licenciaturas em Diálogo: Cidade e Escola: Formação, Transformação e Cidadania, 2017, Rio Grande. Anais do V Seminário Interfaces Pedagógicas. Rio Grande: FURG	OSORIO, T. R. ; PAZINATO, M. S.	Qualis nao identificado	V Seminário Interfaces Pedagógicas: Licenciaturas em Diálogo: Cidade e Escola: Formação, Transformação e Cidadania, 2017, Rio Grande. Anais do V Seminário Interfaces Pedagógicas. Rio Grande: FURG
resumoExpandidoEmCongresso	Mauricius Selvero Pazinato	2016	Ciências da Natureza por meio de uma abordagem CTSA: relato de um curso de formação de professores da educação básica	III Seminário Nacional de Pesquisa em Extensão Popular, 2016, João Pessoa. Anais do III Seminário Nacional de Pesquisa em Extensão Popular. João Pessoa	FREITAS, R. T. G. ; PAZINATO, M. S. ; CARNEIRO, J. V. ; GONCALVES, U. T. V.	Qualis nao identificado	III Seminário Nacional de Pesquisa em Extensão Popular, 2016, João Pessoa. Anais do III Seminário Nacional de Pesquisa em Extensão Popular. João Pessoa
resumoExpandidoEmCongresso	Mauricius Selvero Pazinato	2016	A Construção de uma ?Pequena Estação Meteorológica? em diferentes escolas e localidades do município de Dom Pedrito, RS	III Seminário Nacional de Pesquisa em Extensão Popular, 2016, João Pessoa. Anais do III Seminário Nacional de Pesquisa em Extensão Popular. João Pessoa	GONCALVES, U. T. V. ; PAZINATO, M. S. ; CARNEIRO, J. V. ; FREITAS, R. T. G.	Qualis nao identificado	III Seminário Nacional de Pesquisa em Extensão Popular, 2016, João Pessoa. Anais do III Seminário Nacional de Pesquisa em Extensão Popular. João Pessoa
resumoExpandidoEmCongresso	Mauricius Selvero Pazinato	2016	O ensino de Ciências no nível fundamental por meio de atividades experimentais	8º Seminário Internacional de Ensino, Pesquisa e Extensão, 2016, Uruguaiana. Anais do 8º SIEPE. Uruguaiana	GONCALVES, U. T. V. ; SUDATI, J. H. ; PAZINATO, M. S. ; SILVEIRA, M. L.	Qualis nao identificado	8º Seminário Internacional de Ensino, Pesquisa e Extensão, 2016, Uruguaiana. Anais do 8º SIEPE. Uruguaiana
artigoEmPeriodico	Sandra Maders	2016	2175-0157		Educação escola indígena, intercultura e Humberto Maturana: entre cultura e saberes	REVISTA GRIFOS	MADERS; BARCELOS, V. H. L.	C	
artigoEmPeriodico	Suzana Cavalheiro de Jesus	2018	2177-6229		Antropologia como educação: um diálogo sobre experiências de ensino da antropologia em cursos de formação de professores e seus desafios	Revista Ciências Sociais Unisinos	JESUS, S. C. de; BRUM, C. K.	B5	REVISTA CIÊNCIAS SOCIAIS UNISINOS
resumoExpandidoEmCongresso	Suzana Cavalheiro de Jesus	2018	Mapeando Alteridades: notas sobre estudantes indígenas nas Licenciaturas em Educação do Campo	IV Seminário Corpos, Gêneros, Sexualidades e Relações Étnico-Raciais na Educação: avanços e retrocessos nas práticas sociais e na produção de subjetividades., 2018, Uruguaiana - RS. IV Seminário Corpos, Gêneros, Sexualidades e Relações Étnico-Raciais na Educação: avanços e retrocessos nas práticas sociais e na produção de subjetividades	ALBRECHT, M. E. B. ; JESUS, S. C. de	Qualis nao identificado	IV Seminário Corpos, Gêneros, Sexualidades e Relações Étnico-Raciais na Educação: avanços e retrocessos nas práticas sociais e na produção de subjetividades., 2018, Uruguaiana - RS. IV Seminário Corpos, Gêneros, Sexualidades e Relações Étnico-Raciais na Educação: avanços e retrocessos nas práticas sociais e na produção de subjetividades
resumoExpandidoEmCongresso	Suzana Cavalheiro de Jesus	2017	A Reforma da Previdência Social e a desigualdade de gênero: reflexões sobre as mulheres trabalhadoras	IV Seminário Corpos, Gêneros, Sexualidades e Relações Étnico-Raciais na Educação: avanços e retrocessos nas práticas sociais e na produção de subjetividades., 2018, Uruguaiana-RS. IV Seminário Corpos, Gêneros, Sexualidades e Relações Étnico-Raciais na Educação: avanços e retrocessos nas práticas sociais e na produção de subjetividades	JESUS, S. C. de; VEBER, T. F. ; RODRIGUES, N. R. ; MACHADO, T. M. ; CUNHA, E. P.	Qualis nao identificado	IV Seminário Corpos, Gêneros, Sexualidades e Relações Étnico-Raciais na Educação: avanços e retrocessos nas práticas sociais e na produção de subjetividades., 2018, Uruguaiana-RS. IV Seminário Corpos, Gêneros, Sexualidades e Relações Étnico-Raciais na Educação: avanços e retrocessos nas práticas sociais e na produção de subjetividades
resumoExpandidoEmCongresso	Suzana Cavalheiro de Jesus	2017	Coletivo Irmãs de Malala	IV Seminário Corpos, Gêneros, Sexualidades e Relações Étnico-Raciais na Educação: avanços e retrocessos nas práticas sociais e na produção de subjetividades., 2018, Uruguaiana. IV Seminário Corpos, Gêneros, Sexualidades e Relações Étnico-Raciais na Educação: avanços e retrocessos nas práticas sociais e na produção de subjetividades	SANTOS, I. B. ; JESUS, S. C. de	Qualis nao identificado	IV Seminário Corpos, Gêneros, Sexualidades e Relações Étnico-Raciais na Educação: avanços e retrocessos nas práticas sociais e na produção de subjetividades., 2018, Uruguaiana. IV Seminário Corpos, Gêneros, Sexualidades e Relações Étnico-Raciais na Educação: avanços e retrocessos nas práticas sociais e na produção de subjetividades
resumoExpandidoEmCongresso	Suzana Cavalheiro de Jesus	2017	Nos diz respeito: diálogos sobre educação do campo e interseccionalidades	IV Seminário Corpos, Gêneros, Sexualidades e Relações Étnico-Raciais na Educação: avanços e retrocessos nas práticas sociais e na produção de subjetividades., 2018, Uruguaiana-RS. IV Seminário Corpos, Gêneros, Sexualidades e Relações Étnico-Raciais na Educação: avanços e retrocessos nas práticas sociais e na produção de subjetividades	MENA, F. M. ; JESUS, S. C. de ; ALBRECHT, M. E. B. ; SANTOS, I. B. ; SOUZA, M. P.	Qualis nao identificado	IV Seminário Corpos, Gêneros, Sexualidades e Relações Étnico-Raciais na Educação: avanços e retrocessos nas práticas sociais e na produção de subjetividades., 2018, Uruguaiana-RS. IV Seminário Corpos, Gêneros, Sexualidades e Relações Étnico-Raciais na Educação: avanços e retrocessos nas práticas sociais e na produção de subjetividades
resumoExpandidoEmCongresso	Suzana Cavalheiro de Jesus	2017	Nos diz respeito: diálogos sobre educação do campo e interseccionalidades	IX Salão Internacional de Ensino, Pesquisa e Extensão, 2018, Santana do Livramento. Anais do IX Salão Internacional de Ensino, Pesquisa e Extensão	MENA, F. M. ; JESUS, S. C. de ; SANTOS, I. B. ; SOUZA, M. P. ; ALBRECHT, M. E. B.	Qualis nao identificado	IX Salão Internacional de Ensino, Pesquisa e Extensão, 2018, Santana do Livramento. Anais do IX Salão Internacional de Ensino, Pesquisa e Extensão
resumoExpandidoEmCongresso	Suzana Cavalheiro de Jesus	2017	Mapeando Alteridades: notas sobre estudantes indígenas nas Licenciaturas em Educação do Campo	IX Salão Internacional de Ensino, Pesquisa e Extensão, 2018, Santana do Livramento - RS. Anais do Salão Internacional de Ensino, Pesquisa e Extensão	ALBRECHT, M. E. B. ; JESUS, S. C. de	Qualis nao identificado	IX Salão Internacional de Ensino, Pesquisa e Extensão, 2018, Santana do Livramento - RS. Anais do Salão Internacional de Ensino, Pesquisa e Extensão
trabalhoCompletoEmCongresso	Wilson Simeoni Junior	2016		ADVANCED CONCEPTS AND METHODS FOR VERY HIGH INTENSITY LINACS	IPAC 16	P. Nghiem ; N. Chauvin ; D. Uriot ; M. Comunian ; C. Oliver ; SIMEONI , W. J. ; VALETTE, M.	Qualis nao identificado	IPAC 16
